Date;Q;T
01.01.2010;38802;-18
02.01.2010;40640;-21
03.01.2010;42614;-28
04.01.2010;42587;-21
05.01.2010;42783;-10
06.01.2010;41180;-12
07.01.2010;38945;-14
08.01.2010;40200;-8
09.01.2010;41131;-16
10.01.2010;42550;-16
11.01.2010;42083;-16
12.01.2010;39315;-11
13.01.2010;38619;-7
14.01.2010;38494;-8
15.01.2010;39336;-7
16.01.2010;38788;-9
17.01.2010;40110;-10
18.01.2010;44532;-20
19.01.2010;42692;-25
20.01.2010;43321;-26
21.01.2010;43549;-22
22.01.2010;44095;-26
23.01.2010;44343;-28
24.01.2010;44724;-26
25.01.2010;44186;-19
26.01.2010;44360;-24
27.01.2010;45537;-24
28.01.2010;43638;-23
29.01.2010;43621;-17
30.01.2010;43674;-12
31.01.2010;43017;-12
01.02.2010;41208;-7
02.02.2010;39438;-3
03.02.2010;40490;-3
04.02.2010;41435;-8
05.02.2010;41016;-9
06.02.2010;36529;-13
07.02.2010;40315;-16
08.02.2010;45218;-14
09.02.2010;45274;-14
10.02.2010;42549;-10
11.02.2010;42810;-11
12.02.2010;42079;-7
13.02.2010;42943;-11
14.02.2010;43420;-9
15.02.2010;42677;-15
16.02.2010;41552;-18
17.02.2010;42313;-17
18.02.2010;43331;-19
19.02.2010;44844;-24
20.02.2010;44890;-23
21.02.2010;43967;-21
22.02.2010;43859;-14
23.02.2010;41427;-14
24.02.2010;42086;-3
25.02.2010;42616;-13
26.02.2010;42649;-11
27.02.2010;39794;-7
28.02.2010;37320;1
01.03.2010;37163;-1
02.03.2010;36747;1
03.03.2010;37949;-3
04.03.2010;38107;-8
05.03.2010;37589;-8
06.03.2010;34468;-10
07.03.2010;36970;-9
08.03.2010;37738;-15
09.03.2010;38443;-4
10.03.2010;38724;-4
11.03.2010;37064;-4
12.03.2010;38869;-2
13.03.2010;36707;-7
14.03.2010;37539;-9
15.03.2010;40105;-12
16.03.2010;40377;-13
17.03.2010;40538;-15
18.03.2010;38398;-13
19.03.2010;35842;-8
20.03.2010;34226;-2
21.03.2010;34888;2
22.03.2010;36199;-1
23.03.2010;35537;-3
24.03.2010;36887;-8
25.03.2010;35424;-7
26.03.2010;33119;-4
27.03.2010;31210;4
28.03.2010;32294;6
29.03.2010;33258;7
30.03.2010;32955;5
31.03.2010;31372;3
01.04.2010;29380;9
02.04.2010;29198;9
03.04.2010;29214;7
04.04.2010;28798;8
05.04.2010;29516;8
06.04.2010;28582;7
07.04.2010;29652;6
08.04.2010;30815;3
09.04.2010;29759;8
10.04.2010;28922;9
11.04.2010;29546;8
12.04.2010;32723;7
13.04.2010;30488;6
14.04.2010;31347;6
15.04.2010;31586;5
16.04.2010;30448;7
17.04.2010;30737;6
18.04.2010;32339;4
19.04.2010;35350;4
20.04.2010;30484;4
21.04.2010;29546;5
22.04.2010;33663;6
23.04.2010;33204;3
24.04.2010;30366;5
25.04.2010;30193;2
26.04.2010;32375;5
27.04.2010;34280;8
28.04.2010;33454;9
29.04.2010;30366;6
30.04.2010;28450;9
01.05.2010;26873;12
02.05.2010;26475;13
03.05.2010;27276;10
04.05.2010;28616;10
05.05.2010;28573;6
06.05.2010;26550;8
07.05.2010;28118;8
08.05.2010;24475;21
09.05.2010;23551;21
10.05.2010;26430;21
11.05.2010;28496;13
12.05.2010;26529;18
13.05.2010;24616;22
14.05.2010;23549;22
15.05.2010;22940;22
16.05.2010;22038;21
17.05.2010;25046;20
18.05.2010;24418;22
19.05.2010;21434;19
20.05.2010;21972;20
21.05.2010;21628;20
22.05.2010;20551;18
23.05.2010;19818;17
24.05.2010;22577;18
25.05.2010;22353;12
26.05.2010;23576;10
27.05.2010;22515;15
28.05.2010;22717;13
29.05.2010;20199;16
30.05.2010;20046;14
31.05.2010;21801;15
01.06.2010;23924;20
02.06.2010;24507;22
03.06.2010;24150;13
04.06.2010;23154;15
05.06.2010;22167;12
06.06.2010;20099;13
07.06.2010;21583;16
08.06.2010;22858;10
09.06.2010;25517;16
10.06.2010;24992;16
11.06.2010;23522;18
12.06.2010;19559;22
13.06.2010;19277;16
14.06.2010;21120;15
15.06.2010;25162;15
16.06.2010;25896;15
17.06.2010;24580;14
18.06.2010;21662;15
19.06.2010;19885;18
20.06.2010;20904;20
21.06.2010;24382;25
22.06.2010;24470;22
23.06.2010;22970;16
24.06.2010;23427;17
25.06.2010;23167;26
26.06.2010;22378;27
27.06.2010;24497;20
28.06.2010;24706;20
29.06.2010;25260;20
30.06.2010;22480;21
01.07.2010;22590;25
02.07.2010;23610;23
03.07.2010;19823;20
04.07.2010;19538;22
05.07.2010;21888;24
06.07.2010;21844;26
07.07.2010;20674;28
08.07.2010;20292;27
09.07.2010;20144;26
10.07.2010;20856;25
11.07.2010;20479;26
12.07.2010;21549;27
13.07.2010;20142;28
14.07.2010;20861;30
15.07.2010;21683;30
16.07.2010;21326;30
17.07.2010;18819;28
18.07.2010;20804;25
19.07.2010;21649;28
20.07.2010;22391;24
21.07.2010;24046;25
22.07.2010;22165;27
23.07.2010;19659;29
24.07.2010;19071;30
25.07.2010;19463;31
26.07.2010;21185;31
27.07.2010;21956;32
28.07.2010;21961;33
29.07.2010;19152;33
30.07.2010;13213;26
31.07.2010;16627;25
01.08.2010;19659;24
02.08.2010;23079;26
03.08.2010;23247;24
04.08.2010;23619;29
05.08.2010;24342;29
06.08.2010;23040;28
07.08.2010;21264;30
08.08.2010;21072;30
09.08.2010;24701;29
10.08.2010;25645;25
11.08.2010;26552;24
12.08.2010;26685;22
13.08.2010;24981;23
14.08.2010;23274;25
15.08.2010;22268;27
16.08.2010;25348;22
17.08.2010;25049;19
18.08.2010;26862;17
19.08.2010;26134;15
20.08.2010;23282;13
21.08.2010;21977;15
22.08.2010;21879;19
23.08.2010;23688;18
24.08.2010;26747;18
25.08.2010;25418;19
26.08.2010;26755;14
27.08.2010;27119;14
28.08.2010;26282;12
29.08.2010;28844;10
30.08.2010;28824;11
31.08.2010;29847;11
01.09.2010;32058;10
02.09.2010;31164;8
03.09.2010;30592;13
04.09.2010;27804;10
05.09.2010;29187;8
06.09.2010;30062;11
07.09.2010;29981;13
08.09.2010;30165;13
09.09.2010;28138;14
10.09.2010;27846;12
11.09.2010;28466;14
12.09.2010;29820;14
13.09.2010;33061;16
14.09.2010;31209;17
15.09.2010;31445;16
16.09.2010;27885;16
17.09.2010;20279;13
18.09.2010;20229;11
19.09.2010;24935;12
20.09.2010;29302;11
21.09.2010;30927;13
22.09.2010;33592;15
23.09.2010;32616;9
24.09.2010;29383;11
25.09.2010;31995;14
26.09.2010;32619;14
27.09.2010;31540;9
28.09.2010;34644;7
29.09.2010;35105;4
30.09.2010;32927;8
01.10.2010;31566;8
02.10.2010;32005;8
03.10.2010;33326;4
04.10.2010;38217;5
05.10.2010;38828;4
06.10.2010;37508;4
07.10.2010;36158;3
08.10.2010;36445;4
09.10.2010;37294;2
10.10.2010;37242;2
11.10.2010;40205;3
12.10.2010;38469;3
13.10.2010;39318;1
14.10.2010;39501;3
15.10.2010;39345;2
16.10.2010;38311;0
17.10.2010;38230;0
18.10.2010;38295;2
19.10.2010;39402;4
20.10.2010;42968;5
21.10.2010;43142;5
22.10.2010;40178;4
23.10.2010;35848;2
24.10.2010;33874;6
25.10.2010;35541;8
26.10.2010;36574;5
27.10.2010;39483;1
28.10.2010;39026;0
29.10.2010;36902;3
30.10.2010;35389;5
31.10.2010;35408;6
01.11.2010;34752;5
02.11.2010;33817;5
03.11.2010;32686;6
04.11.2010;31783;8
05.11.2010;33819;5
06.11.2010;34110;0
07.11.2010;35782;0
08.11.2010;40340;0
09.11.2010;41522;-2
10.11.2010;40137;3
11.11.2010;40197;6
12.11.2010;38430;4
13.11.2010;35783;5
14.11.2010;36003;4
15.11.2010;35995;6
16.11.2010;39371;5
17.11.2010;40482;0
18.11.2010;40067;0
19.11.2010;39768;3
20.11.2010;39546;-1
21.11.2010;40726;-3
22.11.2010;44645;-5
23.11.2010;45580;-5
24.11.2010;46044;-5
25.11.2010;48454;-8
26.11.2010;46254;-11
27.11.2010;45865;-12
28.11.2010;48942;-18
29.11.2010;51485;-22
30.11.2010;48289;-27
01.12.2010;48087;-26
02.12.2010;47951;-25
03.12.2010;46951;-19
04.12.2010;44126;-12
05.12.2010;43269;-8
06.12.2010;45830;-9
07.12.2010;43794;-7
08.12.2010;42682;-4
09.12.2010;42898;-5
10.12.2010;42331;-6
11.12.2010;42546;-9
12.12.2010;45247;-9
13.12.2010;46985;-16
14.12.2010;45254;-6
15.12.2010;45175;-11
16.12.2010;47989;-23
17.12.2010;47648;-17
18.12.2010;49844;-20
19.12.2010;48447;-14
20.12.2010;47680;-10
21.12.2010;49001;-11
22.12.2010;47047;-13
23.12.2010;46725;-10
24.12.2010;47815;-16
25.12.2010;46512;-12
26.12.2010;45552;-10
27.12.2010;48309;-12
28.12.2010;49134;-11
29.12.2010;49540;-12
30.12.2010;46388;-10
31.12.2010;43239;-12
01.01.2011;42048;-14
02.01.2011;42989;-9
03.01.2011;42678;-14
04.01.2011;44970;-12
05.01.2011;43172;-10
06.01.2011;42328;-9
07.01.2011;41103;-8
08.01.2011;40373;-4
09.01.2011;39390;-3
10.01.2011;40473;1
11.01.2011;39189;0
12.01.2011;38918;-4
13.01.2011;40627;-1
14.01.2011;41285;-4
15.01.2011;41155;-12
16.01.2011;44617;-17
17.01.2011;46480;-15
18.01.2011;42971;-6
19.01.2011;43867;-4
20.01.2011;44262;-5
21.01.2011;42230;-5
22.01.2011;40097;-7
23.01.2011;43716;-15
24.01.2011;43673;-19
25.01.2011;40905;-9
26.01.2011;43403;-11
27.01.2011;43029;-20
28.01.2011;38128;-9
29.01.2011;37383;-1
30.01.2011;40262;-2
31.01.2011;40468;-13
01.02.2011;37674;-3
02.02.2011;36083;-3
03.02.2011;36555;-1
04.02.2011;37384;0
05.02.2011;37114;-1
06.02.2011;38228;-6
07.02.2011;40203;-8
08.02.2011;40606;-9
09.02.2011;44140;-6
10.02.2011;46605;-14
11.02.2011;48936;-17
12.02.2011;47194;-22
13.02.2011;48050;-21
14.02.2011;49422;-21
15.02.2011;45869;-19
16.02.2011;44782;-22
17.02.2011;46162;-27
18.02.2011;45486;-26
19.02.2011;46506;-23
20.02.2011;46661;-23
21.02.2011;47116;-19
22.02.2011;46800;-19
23.02.2011;45742;-19
24.02.2011;43195;-13
25.02.2011;42307;-18
26.02.2011;42226;-15
27.02.2011;42904;-7
28.02.2011;43676;-11
01.03.2011;42838;-12
02.03.2011;43019;-9
03.03.2011;42022;-4
04.03.2011;38383;-4
05.03.2011;37585;-1
06.03.2011;39590;-5
07.03.2011;38289;-9
08.03.2011;37963;-2
09.03.2011;39130;0
10.03.2011;39864;-1
11.03.2011;40080;-1
12.03.2011;37840;-2
13.03.2011;36115;-2
14.03.2011;35649;2
15.03.2011;37424;-1
16.03.2011;40284;-4
17.03.2011;42495;-6
18.03.2011;39099;-3
19.03.2011;35945;-1
20.03.2011;36498;-1
21.03.2011;37232;-2
22.03.2011;35630;2
23.03.2011;35879;1
24.03.2011;37583;-3
25.03.2011;38169;-6
26.03.2011;37219;-9
27.03.2011;37926;-6
28.03.2011;39180;-2
29.03.2011;37657;-2
30.03.2011;37880;-3
31.03.2011;37192;-7
01.04.2011;36943;-3
02.04.2011;35985;3
03.04.2011;34591;6
04.04.2011;34694;8
05.04.2011;33833;6
06.04.2011;34842;3
07.04.2011;34361;3
08.04.2011;32258;3
09.04.2011;32486;3
10.04.2011;34962;3
11.04.2011;35756;2
12.04.2011;34914;1
13.04.2011;34328;2
14.04.2011;34439;2
15.04.2011;31846;4
16.04.2011;30805;5
17.04.2011;30643;7
18.04.2011;32695;7
19.04.2011;31568;4
20.04.2011;29665;4
21.04.2011;29566;5
22.04.2011;29994;7
23.04.2011;29537;7
24.04.2011;29440;9
25.04.2011;29819;10
26.04.2011;29249;12
27.04.2011;29437;11
28.04.2011;28749;9
29.04.2011;27663;7
30.04.2011;26791;6
01.05.2011;27164;2
02.05.2011;28103;2
03.05.2011;29627;3
04.05.2011;31145;4
05.05.2011;31734;7
06.05.2011;30539;8
07.05.2011;27658;11
08.05.2011;26453;12
09.05.2011;26143;13
10.05.2011;26281;16
11.05.2011;26553;13
12.05.2011;25671;12
13.05.2011;25290;11
14.05.2011;23047;11
15.05.2011;23747;12
16.05.2011;25939;13
17.05.2011;25388;12
18.05.2011;23596;12
19.05.2011;23611;14
20.05.2011;23193;17
21.05.2011;22489;15
22.05.2011;22770;15
23.05.2011;23989;17
24.05.2011;24469;15
25.05.2011;24264;13
26.05.2011;22347;13
27.05.2011;21736;12
28.05.2011;20737;15
29.05.2011;20648;15
30.05.2011;22000;15
31.05.2011;20792;17
01.06.2011;20488;23
02.06.2011;21248;23
03.06.2011;21809;17
04.06.2011;20736;17
05.06.2011;21624;17
06.06.2011;23640;17
07.06.2011;25392;20
08.06.2011;23059;20
09.06.2011;21217;22
10.06.2011;20780;24
11.06.2011;20318;23
12.06.2011;20176;19
13.06.2011;21146;14
14.06.2011;21884;13
15.06.2011;22308;14
16.06.2011;21582;15
17.06.2011;21464;17
18.06.2011;21802;15
19.06.2011;23178;18
20.06.2011;25590;16
21.06.2011;24626;17
22.06.2011;25624;17
23.06.2011;28338;18
24.06.2011;25725;19
25.06.2011;22091;18
26.06.2011;20916;17
27.06.2011;22452;20
28.06.2011;22094;19
29.06.2011;21375;19
30.06.2011;21761;25
01.07.2011;20600;27
02.07.2011;19602;26
03.07.2011;20793;24
04.07.2011;26972;19
05.07.2011;25792;19
06.07.2011;25964;21
07.07.2011;26154;23
08.07.2011;21947;25
09.07.2011;19892;25
10.07.2011;20520;26
11.07.2011;22448;26
12.07.2011;22417;25
13.07.2011;22604;21
14.07.2011;23093;20
15.07.2011;21607;19
16.07.2011;19126;20
17.07.2011;19884;20
18.07.2011;21090;22
19.07.2011;21087;25
20.07.2011;20837;26
21.07.2011;21117;27
22.07.2011;22408;26
23.07.2011;20798;28
24.07.2011;21168;24
25.07.2011;23789;23
26.07.2011;24144;27
27.07.2011;24442;27
28.07.2011;23285;28
29.07.2011;23737;24
30.07.2011;21040;19
31.07.2011;20669;20
01.08.2011;20734;17
02.08.2011;20869;16
03.08.2011;19377;16
04.08.2011;19771;19
05.08.2011;19060;19
06.08.2011;18453;20
07.08.2011;19168;21
08.08.2011;22252;19
09.08.2011;22470;17
10.08.2011;21952;18
11.08.2011;20855;17
12.08.2011;19993;15
13.08.2011;20110;17
14.08.2011;19641;19
15.08.2011;21127;20
16.08.2011;19524;19
17.08.2011;19930;18
18.08.2011;20016;17
19.08.2011;19298;18
20.08.2011;16835;17
21.08.2011;17239;17
22.08.2011;17251;17
23.08.2011;17100;17
24.08.2011;19511;17
25.08.2011;20692;18
26.08.2011;23027;20
27.08.2011;21682;21
28.08.2011;22244;22
29.08.2011;23232;19
30.08.2011;24172;16
31.08.2011;26197;15
01.09.2011;25273;15
02.09.2011;25598;14
03.09.2011;24481;14
04.09.2011;22623;13
05.09.2011;25258;12
06.09.2011;23813;14
07.09.2011;23811;15
08.09.2011;24304;14
09.09.2011;24161;14
10.09.2011;23602;14
11.09.2011;24330;14
12.09.2011;24116;14
13.09.2011;23642;14
14.09.2011;23633;15
15.09.2011;24509;14
16.09.2011;24278;12
17.09.2011;22564;12
18.09.2011;23843;12
19.09.2011;27091;10
20.09.2011;27519;12
21.09.2011;26252;12
22.09.2011;26199;14
23.09.2011;26886;12
24.09.2011;26148;10
25.09.2011;26517;9
26.09.2011;29791;9
27.09.2011;29907;10
28.09.2011;28780;10
29.09.2011;29623;10
30.09.2011;30164;14
01.10.2011;27000;10
02.10.2011;28209;8
03.10.2011;31270;7
04.10.2011;31402;10
05.10.2011;30518;11
06.10.2011;27402;9
07.10.2011;29912;13
08.10.2011;30828;9
09.10.2011;29968;8
10.10.2011;29517;5
11.10.2011;31129;7
12.10.2011;31575;6
13.10.2011;30473;5
14.10.2011;29014;4
15.10.2011;28347;1
16.10.2011;28984;4
17.10.2011;33382;8
18.10.2011;33485;6
19.10.2011;35794;3
20.10.2011;34342;6
21.10.2011;32708;5
22.10.2011;31820;5
23.10.2011;32174;5
24.10.2011;33411;5
25.10.2011;33041;6
26.10.2011;34197;5
27.10.2011;35961;4
28.10.2011;33045;4
29.10.2011;30478;6
30.10.2011;29336;6
31.10.2011;29644;8
01.11.2011;29876;7
02.11.2011;29256;8
03.11.2011;27881;9
04.11.2011;28299;5
05.11.2011;29507;3
06.11.2011;32821;-1
07.11.2011;34067;1
08.11.2011;32405;5
09.11.2011;33906;1
10.11.2011;34726;0
11.11.2011;36901;1
12.11.2011;36113;3
13.11.2011;35881;2
14.11.2011;38092;2
15.11.2011;37951;-2
16.11.2011;36368;-1
17.11.2011;35990;3
18.11.2011;35485;0
19.11.2011;36785;2
20.11.2011;37360;-5
21.11.2011;37988;-7
22.11.2011;38488;-2
23.11.2011;36550;-3
24.11.2011;37342;1
25.11.2011;37212;3
26.11.2011;37360;4
27.11.2011;35645;4
28.11.2011;35779;2
29.11.2011;36499;0
30.11.2011;37081;-1
01.12.2011;35464;2
02.12.2011;35366;1
03.12.2011;34204;1
04.12.2011;33840;1
05.12.2011;33865;2
06.12.2011;32930;1
07.12.2011;32280;0
08.12.2011;33408;0
09.12.2011;34858;-1
10.12.2011;34919;-1
11.12.2011;34821;1
12.12.2011;34678;0
13.12.2011;33570;0
14.12.2011;34719;1
15.12.2011;34921;3
16.12.2011;35236;2
17.12.2011;34945;1
18.12.2011;34290;2
19.12.2011;34284;1
20.12.2011;34513;1
21.12.2011;35600;-3
22.12.2011;35306;-2
23.12.2011;36380;-3
24.12.2011;35931;-3
25.12.2011;34731;-1
26.12.2011;36070;2
27.12.2011;34532;3
28.12.2011;38005;1
29.12.2011;35439;0
30.12.2011;33031;2
31.12.2011;34410;1
01.01.2012;33523;1
02.01.2012;33921;-3
03.01.2012;35343;-3
04.01.2012;34821;-3
05.01.2012;35276;-1
06.01.2012;34553;1
07.01.2012;35508;0
08.01.2012;35955;-1
09.01.2012;37768;-4
10.01.2012;36543;-5
11.01.2012;35491;-4
12.01.2012;34664;-4
13.01.2012;34486;-1
14.01.2012;36943;0
15.01.2012;39508;-2
16.01.2012;39582;-4
17.01.2012;40291;-3
18.01.2012;37884;-4
19.01.2012;41044;-8
20.01.2012;41832;-7
21.01.2012;45378;-7
22.01.2012;41560;-7
23.01.2012;42520;-6
24.01.2012;46209;-10
25.01.2012;45740;-11
26.01.2012;46613;-14
27.01.2012;44759;-17
28.01.2012;45273;-19
29.01.2012;45108;-20
30.01.2012;47956;-20
31.01.2012;49846;-19
01.02.2012;49105;-21
02.02.2012;49102;-21
03.02.2012;45970;-22
04.02.2012;46559;-20
05.02.2012;44594;-24
06.02.2012;48034;-22
07.02.2012;46414;-22
08.02.2012;47162;-16
09.02.2012;47931;-16
10.02.2012;47819;-18
11.02.2012;46658;-20
12.02.2012;45977;-20
13.02.2012;48600;-19
14.02.2012;46326;-21
15.02.2012;46959;-18
16.02.2012;47702;-13
17.02.2012;46829;-17
18.02.2012;44432;-14
19.02.2012;44247;-11
20.02.2012;43506;-11
21.02.2012;41609;-5
22.02.2012;38221;-4
23.02.2012;36554;-2
24.02.2012;38216;-1
25.02.2012;39270;-1
26.02.2012;39304;-3
27.02.2012;40554;-4
28.02.2012;39933;-7
29.02.2012;38902;-10
01.03.2012;37842;-6
02.03.2012;38031;-2
03.03.2012;38980;0
04.03.2012;40205;0
05.03.2012;41370;-3
06.03.2012;41813;-6
07.03.2012;40373;-9
08.03.2012;40187;-12
09.03.2012;39587;-11
10.03.2012;40669;-10
11.03.2012;38766;-5
12.03.2012;39430;-1
13.03.2012;40761;1
14.03.2012;39389;0
15.03.2012;39756;-2
16.03.2012;39332;-6
17.03.2012;38982;-5
18.03.2012;40200;1
19.03.2012;41040;2
20.03.2012;42522;-2
21.03.2012;42264;0
22.03.2012;41900;0
23.03.2012;40765;-2
24.03.2012;40560;1
25.03.2012;41357;-6
26.03.2012;42639;-4
27.03.2012;39910;-4
28.03.2012;38692;-1
29.03.2012;39337;-1
30.03.2012;38832;1
31.03.2012;39559;-1
01.04.2012;36422;-4
02.04.2012;34179;-4
03.04.2012;34468;-3
04.04.2012;34174;-1
05.04.2012;34125;-2
06.04.2012;34298;-1
07.04.2012;32036;2
08.04.2012;32731;1
09.04.2012;33273;0
10.04.2012;32891;0
11.04.2012;32220;0
12.04.2012;32208;3
13.04.2012;32455;5
14.04.2012;33233;8
15.04.2012;35036;7
16.04.2012;35003;5
17.04.2012;32922;1
18.04.2012;31064;6
19.04.2012;30428;4
20.04.2012;29892;4
21.04.2012;29010;7
22.04.2012;29170;10
23.04.2012;29969;8
24.04.2012;29025;9
25.04.2012;28243;10
26.04.2012;28663;9
27.04.2012;28098;8
28.04.2012;26718;11
29.04.2012;26710;13
30.04.2012;26184;10
01.05.2012;27116;7
02.05.2012;25882;8
03.05.2012;26100;6
04.05.2012;25070;7
05.05.2012;25049;7
06.05.2012;24125;11
07.05.2012;24809;13
08.05.2012;24381;11
09.05.2012;24484;11
10.05.2012;24776;11
11.05.2012;23546;16
12.05.2012;23575;17
13.05.2012;22799;15
14.05.2012;22942;9
15.05.2012;24582;9
16.05.2012;23182;13
17.05.2012;21906;16
18.05.2012;23384;22
19.05.2012;23019;16
20.05.2012;22728;13
21.05.2012;23516;16
22.05.2012;24331;18
23.05.2012;24952;18
24.05.2012;20551;12
25.05.2012;19658;10
26.05.2012;18334;12
27.05.2012;18152;14
28.05.2012;18503;16
29.05.2012;18917;16
30.05.2012;20205;13
31.05.2012;19440;10
01.06.2012;18330;11
02.06.2012;18920;12
03.06.2012;17892;13
04.06.2012;17080;12
05.06.2012;17118;12
06.06.2012;16454;15
07.06.2012;16309;14
08.06.2012;17444;15
09.06.2012;16993;15
10.06.2012;16938;18
11.06.2012;16500;18
12.06.2012;17084;18
13.06.2012;16481;16
14.06.2012;17024;19
15.06.2012;16871;19
16.06.2012;16723;21
17.06.2012;17074;21
18.06.2012;16752;20
19.06.2012;17383;18
20.06.2012;17475;17
21.06.2012;17722;16
22.06.2012;18430;17
23.06.2012;17451;17
24.06.2012;17256;17
25.06.2012;18032;14
26.06.2012;17252;17
27.06.2012;20341;17
28.06.2012;20182;17
29.06.2012;20181;15
30.06.2012;19358;15
01.07.2012;19002;15
02.07.2012;19960;19
03.07.2012;20646;21
04.07.2012;20425;19
05.07.2012;19992;21
06.07.2012;19964;21
07.07.2012;17434;22
08.07.2012;17552;22
09.07.2012;19656;24
10.07.2012;19212;23
11.07.2012;17964;23
12.07.2012;18120;21
13.07.2012;17701;21
14.07.2012;15925;20
15.07.2012;17891;18
16.07.2012;19495;19
17.07.2012;20743;17
18.07.2012;22010;17
19.07.2012;21372;16
20.07.2012;21896;16
21.07.2012;21027;18
22.07.2012;22286;19
23.07.2012;23754;18
24.07.2012;22447;16
25.07.2012;21804;18
26.07.2012;21855;21
27.07.2012;22335;22
28.07.2012;21626;22
29.07.2012;22264;23
30.07.2012;26251;27
31.07.2012;24311;29
01.08.2012;24039;25
02.08.2012;21989;19
03.08.2012;22737;19
04.08.2012;22026;21
05.08.2012;22473;22
06.08.2012;22778;20
07.08.2012;22436;20
08.08.2012;23705;22
09.08.2012;25859;18
10.08.2012;25126;13
11.08.2012;23942;12
12.08.2012;25219;12
13.08.2012;25746;14
14.08.2012;26581;15
15.08.2012;26461;19
16.08.2012;25773;18
17.08.2012;23741;18
18.08.2012;24766;19
19.08.2012;24866;19
20.08.2012;26879;18
21.08.2012;27827;13
22.08.2012;26759;13
23.08.2012;29223;14
24.08.2012;28977;14
25.08.2012;24657;17
26.08.2012;25373;16
27.08.2012;27386;17
28.08.2012;27314;16
29.08.2012;26905;17
30.08.2012;26579;16
31.08.2012;28070;14
01.09.2012;27322;11
02.09.2012;28789;10
03.09.2012;28712;12
04.09.2012;28498;14
05.09.2012;30029;15
06.09.2012;31660;14
07.09.2012;32833;14
08.09.2012;28856;11
09.09.2012;28227;10
10.09.2012;30225;10
11.09.2012;29798;10
12.09.2012;27428;14
13.09.2012;27859;18
14.09.2012;28038;15
15.09.2012;25845;13
16.09.2012;27429;12
17.09.2012;27239;14
18.09.2012;26943;13
19.09.2012;27684;15
20.09.2012;28605;17
21.09.2012;28624;14
22.09.2012;31311;12
23.09.2012;35592;10
24.09.2012;38242;11
25.09.2012;37989;10
26.09.2012;37379;9
27.09.2012;33674;9
28.09.2012;32534;11
29.09.2012;30133;14
30.09.2012;30168;12
01.10.2012;30550;10
02.10.2012;29678;10
03.10.2012;29767;13
04.10.2012;29933;11
05.10.2012;30042;10
06.10.2012;30982;11
07.10.2012;32011;9
08.10.2012;33590;8
09.10.2012;33056;7
10.10.2012;32481;8
11.10.2012;34173;6
12.10.2012;33864;6
13.10.2012;32136;6
14.10.2012;32978;5
15.10.2012;34231;3
16.10.2012;33923;5
17.10.2012;33351;9
18.10.2012;33240;10
19.10.2012;32626;8
20.10.2012;32595;11
21.10.2012;33828;10
22.10.2012;35457;5
23.10.2012;36953;2
24.10.2012;36825;0
25.10.2012;36418;3
26.10.2012;38256;0
27.10.2012;36414;-1
28.10.2012;37666;-2
29.10.2012;38815;-2
30.10.2012;40173;-1
31.10.2012;39387;-3
01.11.2012;37780;-2
02.11.2012;36624;1
03.11.2012;35066;2
04.11.2012;32733;3
05.11.2012;33322;4
06.11.2012;32777;3
07.11.2012;32669;3
08.11.2012;31903;1
09.11.2012;33361;1
10.11.2012;32814;-1
11.11.2012;32554;-2
12.11.2012;33501;-1
13.11.2012;33789;4
14.11.2012;33237;3
15.11.2012;33403;2
16.11.2012;33690;6
17.11.2012;32911;3
18.11.2012;31053;4
19.11.2012;31093;3
20.11.2012;31714;3
21.11.2012;31414;4
22.11.2012;31785;4
23.11.2012;31567;4
24.11.2012;31275;4
25.11.2012;31546;4
26.11.2012;32371;2
27.11.2012;32797;0
28.11.2012;35178;0
29.11.2012;36979;-3
30.11.2012;39772;-7
01.12.2012;37079;-9
02.12.2012;35793;-9
03.12.2012;38952;-7
04.12.2012;42525;-4
05.12.2012;42376;-6
06.12.2012;42384;-7
07.12.2012;43247;-6
08.12.2012;42541;-5
09.12.2012;43108;-6
10.12.2012;43740;-6
11.12.2012;42306;-10
12.12.2012;43002;-6
13.12.2012;44786;-2
14.12.2012;44903;-9
15.12.2012;46898;-8
16.12.2012;47018;-13
17.12.2012;48766;-14
18.12.2012;50075;-13
19.12.2012;50811;-18
20.12.2012;50186;-21
21.12.2012;50701;-21
22.12.2012;52274;-17
23.12.2012;56022;-20
24.12.2012;54947;-23
25.12.2012;51682;-21
26.12.2012;45406;-14
27.12.2012;39976;-8
28.12.2012;40282;-8
29.12.2012;44217;0
30.12.2012;43629;-6
31.12.2012;41264;-9
01.01.2013;38039;-4
02.01.2013;38296;0
03.01.2013;39259;1
04.01.2013;39552;0
05.01.2013;39778;-1
06.01.2013;40072;-3
07.01.2013;40301;-6
08.01.2013;42802;-6
09.01.2013;41840;-9
10.01.2013;43189;-6
11.01.2013;46107;-6
12.01.2013;45924;-12
13.01.2013;44488;-19
14.01.2013;44239;-15
15.01.2013;44341;-7
16.01.2013;45463;-7
17.01.2013;49945;-8
18.01.2013;51336;-15
19.01.2013;48063;-22
20.01.2013;47173;-25
21.01.2013;46149;-16
22.01.2013;45609;-11
23.01.2013;45870;-12
24.01.2013;46492;-6
25.01.2013;47081;-11
26.01.2013;43335;-15
27.01.2013;45736;-7
28.01.2013;47373;-9
29.01.2013;44998;-11
30.01.2013;42987;-7
31.01.2013;40740;-3
01.02.2013;41489;-2
02.02.2013;40972;-1
03.02.2013;41671;-3
04.02.2013;43722;-6
05.02.2013;44580;-5
06.02.2013;41678;-7
07.02.2013;41221;-5
08.02.2013;41667;-2
09.02.2013;39910;0
10.02.2013;36631;0
11.02.2013;37424;-1
12.02.2013;38434;-1
13.02.2013;39548;-1
14.02.2013;39518;-1
15.02.2013;38278;-3
16.02.2013;36275;-5
17.02.2013;36028;-8
18.02.2013;36986;-10
19.02.2013;39695;-8
20.02.2013;38853;-9
21.02.2013;39452;-10
22.02.2013;36455;-16
23.02.2013;36384;-11
24.02.2013;36620;-7
25.02.2013;36020;-5
26.02.2013;35399;-6
27.02.2013;33331;-5
28.02.2013;33412;-2
01.03.2013;37095;0
02.03.2013;38574;-1
03.03.2013;39391;-13
04.03.2013;39340;-12
05.03.2013;38610;-15
06.03.2013;36238;-12
07.03.2013;41866;-3
08.03.2013;43010;-6
09.03.2013;44176;-10
10.03.2013;44736;-10
11.03.2013;44201;-14
12.03.2013;43826;-11
13.03.2013;44317;-10
14.03.2013;45510;-11
15.03.2013;44950;-11
16.03.2013;45026;-14
17.03.2013;45742;-9
18.03.2013;45131;-10
19.03.2013;45229;-10
20.03.2013;45871;-8
21.03.2013;46371;-7
22.03.2013;46734;-11
23.03.2013;44547;-15
24.03.2013;44246;-11
25.03.2013;45234;-10
26.03.2013;44250;-7
27.03.2013;43316;-7
28.03.2013;42090;-8
29.03.2013;41489;-4
30.03.2013;41167;-2
31.03.2013;41139;-4
01.04.2013;38823;-1
02.04.2013;38970;-4
03.04.2013;38982;0
04.04.2013;37290;-2
05.04.2013;38234;-2
06.04.2013;38298;0
07.04.2013;38461;1
08.04.2013;39244;-2
09.04.2013;38408;-1
10.04.2013;37730;-1
11.04.2013;37524;0
12.04.2013;37250;4
13.04.2013;36896;5
14.04.2013;37244;7
15.04.2013;36356;5
16.04.2013;34948;5
17.04.2013;33429;8
18.04.2013;32709;9
19.04.2013;33310;10
20.04.2013;37508;10
21.04.2013;39045;7
22.04.2013;40858;5
23.04.2013;37793;5
24.04.2013;38688;8
25.04.2013;35512;7
26.04.2013;33877;6
27.04.2013;32578;6
28.04.2013;33080;4
29.04.2013;32013;5
30.04.2013;32071;6
01.05.2013;29415;8
02.05.2013;31022;10
03.05.2013;30909;9
04.05.2013;30587;9
05.05.2013;29691;11
06.05.2013;29672;13
07.05.2013;28150;10
08.05.2013;25475;13
09.05.2013;21893;14
10.05.2013;23237;16
11.05.2013;24612;16
12.05.2013;24749;14
13.05.2013;21331;15
14.05.2013;21843;17
15.05.2013;25164;17
16.05.2013;25314;16
17.05.2013;22225;17
18.05.2013;19727;18
19.05.2013;19672;20
20.05.2013;20176;20
21.05.2013;20361;18
22.05.2013;20950;16
23.05.2013;22071;15
24.05.2013;20435;12
25.05.2013;20207;14
26.05.2013;19381;14
27.05.2013;20433;16
28.05.2013;22144;18
29.05.2013;22258;18
30.05.2013;22656;20
31.05.2013;23128;19
01.06.2013;22633;19
02.06.2013;21608;22
03.06.2013;21454;23
04.06.2013;21793;23
05.06.2013;21693;23
06.06.2013;22220;22
07.06.2013;23602;20
08.06.2013;25832;18
09.06.2013;28166;19
10.06.2013;26235;20
11.06.2013;24719;19
12.06.2013;24789;16
13.06.2013;24500;15
14.06.2013;24030;16
15.06.2013;23500;20
16.06.2013;24409;18
17.06.2013;23437;18
18.06.2013;24498;16
19.06.2013;23923;18
20.06.2013;23359;18
21.06.2013;24356;16
22.06.2013;24722;20
23.06.2013;25360;22
24.06.2013;25955;22
25.06.2013;26791;23
26.06.2013;25914;26
27.06.2013;26054;28
28.06.2013;25847;27
29.06.2013;23787;23
30.06.2013;26009;25
01.07.2013;27823;23
02.07.2013;27087;20
03.07.2013;28126;20
04.07.2013;27761;21
05.07.2013;28970;23
06.07.2013;25024;25
07.07.2013;24888;23
08.07.2013;24534;21
09.07.2013;24475;22
10.07.2013;24492;19
11.07.2013;25907;19
12.07.2013;24164;20
13.07.2013;23057;20
14.07.2013;22126;20
15.07.2013;25312;22
16.07.2013;26901;22
17.07.2013;31553;20
18.07.2013;31329;17
19.07.2013;26576;16
20.07.2013;25682;16
21.07.2013;25988;15
22.07.2013;29828;16
23.07.2013;28285;19
24.07.2013;27382;22
25.07.2013;27432;18
26.07.2013;26575;16
27.07.2013;26148;18
28.07.2013;26483;18
29.07.2013;27867;19
30.07.2013;27389;21
31.07.2013;24485;21
01.08.2013;25024;23
02.08.2013;24560;19
03.08.2013;22985;20
04.08.2013;24858;21
05.08.2013;25913;21
06.08.2013;24714;21
07.08.2013;26462;23
08.08.2013;27338;23
09.08.2013;26236;24
10.08.2013;27017;25
11.08.2013;27466;21
12.08.2013;30489;18
13.08.2013;30623;19
14.08.2013;31008;19
15.08.2013;31409;17
16.08.2013;30264;16
17.08.2013;28031;18
18.08.2013;29123;18
19.08.2013;32869;21
20.08.2013;33170;21
21.08.2013;30518;21
22.08.2013;31460;19
23.08.2013;29008;16
24.08.2013;27499;15
25.08.2013;29116;15
26.08.2013;32167;16
27.08.2013;30771;15
28.08.2013;29830;16
29.08.2013;28922;16
30.08.2013;26629;17
31.08.2013;25446;16
01.09.2013;25158;16
02.09.2013;24842;16
03.09.2013;25321;15
04.09.2013;25167;14
05.09.2013;26815;13
06.09.2013;26437;12
07.09.2013;25134;11
08.09.2013;26472;12
09.09.2013;27080;15
10.09.2013;26763;14
11.09.2013;30277;12
12.09.2013;29964;12
13.09.2013;30101;13
14.09.2013;27744;14
15.09.2013;28382;13
16.09.2013;28040;13
17.09.2013;27196;12
18.09.2013;26228;13
19.09.2013;26228;15
20.09.2013;26568;15
21.09.2013;29361;13
22.09.2013;30089;13
23.09.2013;30864;13
24.09.2013;33117;10
25.09.2013;36894;8
26.09.2013;39026;5
27.09.2013;36866;5
28.09.2013;34245;5
29.09.2013;30730;7
30.09.2013;38435;5
01.10.2013;37657;4
02.10.2013;37609;4
03.10.2013;36254;4
04.10.2013;33836;6
05.10.2013;30244;7
06.10.2013;32095;8
07.10.2013;33292;7
08.10.2013;31376;10
09.10.2013;31559;11
10.10.2013;31746;11
11.10.2013;31249;12
12.10.2013;29402;9
13.10.2013;30862;6
14.10.2013;31334;8
15.10.2013;33319;2
16.10.2013;34484;4
17.10.2013;35293;3
18.10.2013;35429;1
19.10.2013;36523;4
20.10.2013;35015;2
21.10.2013;34512;1
22.10.2013;36872;0
23.10.2013;31271;0
24.10.2013;30008;2
25.10.2013;28683;8
26.10.2013;28479;8
27.10.2013;28049;5
28.10.2013;27453;8
29.10.2013;28165;10
30.10.2013;27719;9
31.10.2013;28601;8
01.11.2013;29849;5
02.11.2013;32432;4
03.11.2013;34949;7
04.11.2013;35402;6
05.11.2013;34402;5
06.11.2013;36563;5
07.11.2013;35978;6
08.11.2013;36268;5
09.11.2013;36450;4
10.11.2013;36574;5
11.11.2013;37257;4
12.11.2013;37249;4
13.11.2013;35023;1
14.11.2013;37577;5
15.11.2013;38442;3
16.11.2013;37114;2
17.11.2013;36343;4
18.11.2013;38824;6
19.11.2013;38508;1
20.11.2013;38685;1
21.11.2013;38055;4
22.11.2013;38611;4
23.11.2013;38495;4
24.11.2013;38934;5
25.11.2013;38766;3
26.11.2013;38807;-2
27.11.2013;38591;-4
28.11.2013;38081;-3
29.11.2013;39877;2
30.11.2013;39934;-1
01.12.2013;40422;-7
02.12.2013;42023;-4
03.12.2013;39226;-5
04.12.2013;39350;-7
05.12.2013;37146;-1
06.12.2013;40039;-5
07.12.2013;41855;-1
08.12.2013;43757;-2
09.12.2013;47865;-6
10.12.2013;46716;-10
11.12.2013;42814;-10
12.12.2013;41575;-6
13.12.2013;42715;1
14.12.2013;43716;4
15.12.2013;44542;-4
16.12.2013;42515;-9
17.12.2013;38812;-4
18.12.2013;37836;2
19.12.2013;40074;1
20.12.2013;38596;0
21.12.2013;33828;0
22.12.2013;34249;1
23.12.2013;35369;3
24.12.2013;35445;4
25.12.2013;34303;2
26.12.2013;33386;2
27.12.2013;33685;2
28.12.2013;33642;2
29.12.2013;33187;3
30.12.2013;32773;3
31.12.2013;32834;3
01.01.2014;32389;2
02.01.2014;33460;1
03.01.2014;33218;-3
04.01.2014;32949;-2
05.01.2014;32520;0
06.01.2014;32905;1
07.01.2014;32357;0
08.01.2014;31682;1
09.01.2014;31418;1
10.01.2014;32991;3
11.01.2014;35789;2
12.01.2014;37066;-5
13.01.2014;38957;-8
14.01.2014;40496;-10
15.01.2014;40938;-11
16.01.2014;41425;-12
17.01.2014;42878;-14
18.01.2014;43086;-13
19.01.2014;43038;-17
20.01.2014;43365;-16
21.01.2014;42812;-15
22.01.2014;43489;-12
23.01.2014;45034;-13
24.01.2014;44355;-19
25.01.2014;42968;-18
26.01.2014;42467;-14
27.01.2014;43328;-9
28.01.2014;45004;-12
29.01.2014;46884;-16
30.01.2014;47206;-19
31.01.2014;44577;-21
01.02.2014;42334;-19
02.02.2014;40292;-11
03.02.2014;38343;-6
04.02.2014;37171;-5
05.02.2014;37705;-4
06.02.2014;37841;-4
07.02.2014;36375;-7
08.02.2014;34597;-8
09.02.2014;34091;-2
10.02.2014;33758;1
11.02.2014;33332;1
12.02.2014;33177;0
13.02.2014;32249;0
14.02.2014;32805;0
15.02.2014;33222;0
16.02.2014;33564;0
17.02.2014;32736;0
18.02.2014;33100;1
19.02.2014;34834;0
20.02.2014;37957;0
21.02.2014;34313;-3
22.02.2014;34057;-4
23.02.2014;33014;-2
24.02.2014;32719;2
25.02.2014;33726;3
26.02.2014;34568;1
27.02.2014;36678;-1
28.02.2014;38625;-2
01.03.2014;39002;-2
02.03.2014;37395;-2
03.03.2014;38059;0
04.03.2014;38294;1
05.03.2014;38260;1
06.03.2014;36852;1
07.03.2014;36067;0
08.03.2014;32116;3
09.03.2014;31905;3
10.03.2014;31421;3
11.03.2014;31690;6
12.03.2014;31384;3
13.03.2014;31837;3
14.03.2014;35041;4
15.03.2014;34586;3
16.03.2014;34431;1
17.03.2014;35083;-2
18.03.2014;34419;-5
19.03.2014;37321;-7
20.03.2014;40905;-5
21.03.2014;38135;-6
22.03.2014;36852;2
23.03.2014;37556;6
24.03.2014;37002;2
25.03.2014;36717;4
26.03.2014;37910;4
27.03.2014;36960;3
28.03.2014;37099;2
29.03.2014;36867;1
30.03.2014;35777;0
31.03.2014;37992;2
01.04.2014;37605;-1
02.04.2014;37522;-1
03.04.2014;38599;-1
04.04.2014;38129;2
05.04.2014;36494;0
06.04.2014;36487;1
07.04.2014;37041;3
08.04.2014;38782;2
09.04.2014;37884;1
10.04.2014;36617;0
11.04.2014;34902;1
12.04.2014;35228;4
13.04.2014;34769;5
14.04.2014;36486;8
15.04.2014;34055;7
16.04.2014;36126;7
17.04.2014;36806;5
18.04.2014;33178;6
19.04.2014;27964;9
20.04.2014;27804;9
21.04.2014;27063;10
22.04.2014;26790;13
23.04.2014;28765;13
24.04.2014;28510;7
25.04.2014;28030;4
26.04.2014;27087;8
27.04.2014;26273;8
28.04.2014;24608;10
29.04.2014;24313;11
30.04.2014;25469;12
01.05.2014;27088;8
02.05.2014;29966;5
03.05.2014;31295;4
04.05.2014;31506;5
05.05.2014;35301;7
06.05.2014;35254;6
07.05.2014;34502;6
08.05.2014;34788;6
09.05.2014;32050;5
10.05.2014;27405;12
11.05.2014;26222;17
12.05.2014;26175;13
13.05.2014;25900;13
14.05.2014;31001;16
15.05.2014;32572;10
16.05.2014;29975;8
17.05.2014;28061;10
18.05.2014;28132;14
19.05.2014;28572;19
20.05.2014;27318;25
21.05.2014;25996;27
22.05.2014;27717;24
23.05.2014;26194;19
24.05.2014;25789;21
25.05.2014;27705;23
26.05.2014;30434;24
27.05.2014;31533;21
28.05.2014;30861;9
29.05.2014;31099;9
30.05.2014;27813;12
31.05.2014;24345;15
01.06.2014;24213;16
02.06.2014;26041;14
03.06.2014;25732;15
04.06.2014;25337;21
05.06.2014;24808;24
06.06.2014;26129;25
07.06.2014;27031;26
08.06.2014;26258;22
09.06.2014;25941;19
10.06.2014;28314;19
11.06.2014;27078;15
12.06.2014;28025;17
13.06.2014;29989;18
14.06.2014;28988;18
15.06.2014;29056;18
16.06.2014;30386;13
17.06.2014;28840;14
18.06.2014;29500;10
19.06.2014;26773;10
20.06.2014;25697;14
21.06.2014;26214;14
22.06.2014;26258;13
23.06.2014;27744;13
24.06.2014;27623;14
25.06.2014;28488;12
26.06.2014;28246;12
27.06.2014;24565;12
28.06.2014;22184;13
29.06.2014;21619;15
30.06.2014;19354;15
01.07.2014;22408;17
02.07.2014;22766;17
03.07.2014;23011;17
04.07.2014;23172;18
05.07.2014;23087;17
06.07.2014;22576;19
07.07.2014;21812;20
08.07.2014;21862;22
09.07.2014;22627;22
10.07.2014;22804;23
11.07.2014;22270;16
12.07.2014;21528;17
13.07.2014;21235;20
14.07.2014;20044;24
15.07.2014;20003;25
16.07.2014;19438;24
17.07.2014;20997;23
18.07.2014;20799;21
19.07.2014;21675;22
20.07.2014;22056;23
21.07.2014;21756;23
22.07.2014;21671;22
23.07.2014;21262;23
24.07.2014;21515;23
25.07.2014;17776;22
26.07.2014;15763;24
27.07.2014;16774;26
28.07.2014;21201;27
29.07.2014;21284;26
30.07.2014;22454;26
31.07.2014;23876;24
01.08.2014;23452;28
02.08.2014;20846;25
03.08.2014;21586;23
04.08.2014;22894;24
05.08.2014;23552;24
06.08.2014;25014;24
07.08.2014;25381;24
08.08.2014;28010;25
09.08.2014;27387;23
10.08.2014;28868;23
11.08.2014;32537;23
12.08.2014;31161;23
13.08.2014;31473;23
14.08.2014;31787;20
15.08.2014;32027;18
16.08.2014;30519;19
17.08.2014;28308;19
18.08.2014;27925;18
19.08.2014;28155;18
20.08.2014;26884;18
21.08.2014;25858;18
22.08.2014;26303;17
23.08.2014;25920;15
24.08.2014;26028;16
25.08.2014;26669;16
26.08.2014;26563;15
27.08.2014;26295;14
28.08.2014;26519;14
29.08.2014;28580;15
30.08.2014;28870;13
31.08.2014;29288;12
01.09.2014;29155;12
02.09.2014;28855;11
03.09.2014;28072;12
04.09.2014;28054;13
05.09.2014;27690;16
06.09.2014;27363;16
07.09.2014;28955;16
08.09.2014;31885;15
09.09.2014;31777;16
10.09.2014;31075;16
11.09.2014;29141;17
12.09.2014;28533;18
13.09.2014;26976;17
14.09.2014;29097;15
15.09.2014;32306;10
16.09.2014;31106;12
17.09.2014;30304;11
18.09.2014;32078;11
19.09.2014;32552;12
20.09.2014;30268;13
21.09.2014;28912;13
22.09.2014;26174;13
23.09.2014;26668;13
24.09.2014;27198;10
25.09.2014;29509;6
26.09.2014;28985;9
27.09.2014;28628;10
28.09.2014;28958;12
29.09.2014;28638;12
30.09.2014;29046;13
01.10.2014;30510;9
02.10.2014;31022;6
03.10.2014;31368;5
04.10.2014;32338;8
05.10.2014;31737;6
06.10.2014;30162;3
07.10.2014;31847;5
08.10.2014;32614;6
09.10.2014;30953;5
10.10.2014;29917;8
11.10.2014;29852;9
12.10.2014;30704;11
13.10.2014;30819;9
14.10.2014;29538;7
15.10.2014;29214;6
16.10.2014;29051;5
17.10.2014;30332;1
18.10.2014;33965;-2
19.10.2014;33941;-2
20.10.2014;33857;-3
21.10.2014;34045;1
22.10.2014;37415;-1
23.10.2014;40529;-6
24.10.2014;41634;-6
25.10.2014;41461;-5
26.10.2014;40273;-1
27.10.2014;35859;0
28.10.2014;33926;4
29.10.2014;34153;9
30.10.2014;34951;10
31.10.2014;35634;6
01.11.2014;36558;3
02.11.2014;36513;-1
03.11.2014;36084;-2
04.11.2014;34695;3
05.11.2014;34926;6
06.11.2014;36032;7
07.11.2014;33569;1
08.11.2014;35915;2
09.11.2014;35854;2
10.11.2014;35916;1
11.11.2014;35573;3
12.11.2014;35206;5
13.11.2014;37133;6
14.11.2014;37585;3
15.11.2014;38298;0
16.11.2014;40541;-1
17.11.2014;41341;-3
18.11.2014;39061;-4
19.11.2014;40164;-5
20.11.2014;40987;-6
21.11.2014;41237;-7
22.11.2014;41827;-7
23.11.2014;41900;-3
24.11.2014;40372;-1
25.11.2014;39344;-2
26.11.2014;36656;-4
27.11.2014;38077;-3
28.11.2014;39967;-3
29.11.2014;43196;-4
30.11.2014;44340;-7
01.12.2014;42272;-10
02.12.2014;40832;-4
03.12.2014;40053;-8
04.12.2014;38326;-3
05.12.2014;37998;2
06.12.2014;37470;0
07.12.2014;40242;-2
08.12.2014;41221;-1
09.12.2014;41820;0
10.12.2014;41882;1
11.12.2014;41636;1
12.12.2014;39105;-1
13.12.2014;39170;-1
14.12.2014;38970;0
15.12.2014;40014;1
16.12.2014;38900;0
17.12.2014;38392;1
18.12.2014;37719;2
19.12.2014;36676;0
20.12.2014;36300;0
21.12.2014;38093;1
22.12.2014;40411;0
23.12.2014;39914;-3
24.12.2014;43274;-4
25.12.2014;43073;-9
26.12.2014;43321;-10
27.12.2014;45772;-11
28.12.2014;46257;-6
29.12.2014;46224;-9
30.12.2014;41975;-14
31.12.2014;33843;-16
01.01.2015;32101;-7
02.01.2015;32456;1
03.01.2015;34081;2
04.01.2015;37414;1
05.01.2015;38590;-3
06.01.2015;39783;-11
07.01.2015;39332;-14
08.01.2015;37748;-15
09.01.2015;35241;-10
10.01.2015;35891;-5
11.01.2015;39577;-4
12.01.2015;43658;-4
13.01.2015;40543;-6
14.01.2015;38835;-7
15.01.2015;38684;-2
16.01.2015;37121;0
17.01.2015;34500;0
18.01.2015;34854;2
19.01.2015;36730;1
20.01.2015;40623;0
21.01.2015;42771;-11
22.01.2015;46270;-18
23.01.2015;46073;-18
24.01.2015;44515;-10
25.01.2015;42828;-5
26.01.2015;42053;-4
27.01.2015;43317;-4
28.01.2015;43948;-5
29.01.2015;42115;-4
30.01.2015;37824;-2
31.01.2015;34367;-1
01.02.2015;34472;-1
02.02.2015;38863;1
03.02.2015;40508;0
04.02.2015;42379;-3
05.02.2015;43775;-8
06.02.2015;41999;-6
07.02.2015;40028;-5
08.02.2015;39798;-5
09.02.2015;38561;-3
10.02.2015;34024;-11
11.02.2015;33416;-9
12.02.2015;34057;1
13.02.2015;33783;0
14.02.2015;35397;-2
15.02.2015;39072;-1
16.02.2015;39362;-6
17.02.2015;37640;-15
18.02.2015;36143;-9
19.02.2015;34720;-4
20.02.2015;34632;-3
21.02.2015;33866;2
22.02.2015;34640;1
23.02.2015;35011;1
24.02.2015;34862;2
25.02.2015;33850;1
26.02.2015;33613;2
27.02.2015;33659;1
28.02.2015;33053;-1
01.03.2015;32307;0
02.03.2015;31020;1
03.03.2015;31551;1
04.03.2015;33466;2
05.03.2015;33789;2
06.03.2015;33524;1
07.03.2015;33380;-1
08.03.2015;32475;0
09.03.2015;32918;4
10.03.2015;32231;4
11.03.2015;32563;2
12.03.2015;33335;3
13.03.2015;32840;1
14.03.2015;32780;0
15.03.2015;32359;0
16.03.2015;30893;2
17.03.2015;29698;2
18.03.2015;30320;4
19.03.2015;29411;4
20.03.2015;30842;4
21.03.2015;32958;2
22.03.2015;33892;-2
23.03.2015;33151;-5
24.03.2015;32509;-3
25.03.2015;33497;2
26.03.2015;32665;-1
27.03.2015;31848;-2
28.03.2015;31690;1
29.03.2015;32017;4
30.03.2015;32165;3
31.03.2015;31534;1
01.04.2015;31114;2
02.04.2015;31494;3
03.04.2015;30358;2
04.04.2015;32677;4
05.04.2015;32347;2
06.04.2015;31447;4
07.04.2015;28851;4
08.04.2015;28436;2
09.04.2015;28033;5
10.04.2015;28379;6
11.04.2015;28244;7
12.04.2015;27283;8
13.04.2015;27787;10
14.04.2015;28332;6
15.04.2015;29196;5
16.04.2015;31834;3
17.04.2015;31403;4
18.04.2015;31175;4
19.04.2015;33107;3
20.04.2015;34949;1
21.04.2015;34387;3
22.04.2015;33879;5
23.04.2015;33671;8
24.04.2015;28574;4
25.04.2015;28424;6
26.04.2015;28643;5
27.04.2015;27134;5
28.04.2015;26202;10
29.04.2015;26637;13
30.04.2015;26365;13
01.05.2015;24997;8
02.05.2015;25540;10
03.05.2015;25927;10
04.05.2015;29482;9
05.05.2015;30190;8
06.05.2015;27907;10
07.05.2015;26691;16
08.05.2015;23120;16
09.05.2015;22681;13
10.05.2015;21910;11
11.05.2015;22178;11
12.05.2015;21225;12
13.05.2015;25739;13
14.05.2015;26496;15
15.05.2015;25147;12
16.05.2015;20790;11
17.05.2015;21801;9
18.05.2015;22807;9
19.05.2015;23318;7
20.05.2015;23973;9
21.05.2015;23797;15
22.05.2015;21512;15
23.05.2015;20540;14
24.05.2015;21049;15
25.05.2015;20300;13
26.05.2015;19962;15
27.05.2015;20280;18
28.05.2015;20231;18
29.05.2015;20092;16
30.05.2015;22511;16
31.05.2015;24952;16
01.06.2015;21132;16
02.06.2015;18623;16
03.06.2015;19978;18
04.06.2015;24560;20
05.06.2015;22298;14
06.06.2015;19345;15
07.06.2015;20351;15
08.06.2015;21678;18
09.06.2015;25959;16
10.06.2015;26240;14
11.06.2015;26754;14
12.06.2015;26349;15
13.06.2015;23769;15
14.06.2015;19705;20
15.06.2015;23599;20
16.06.2015;25902;18
17.06.2015;25746;14
18.06.2015;25092;13
19.06.2015;25676;14
20.06.2015;25102;18
21.06.2015;26560;20
22.06.2015;24908;19
23.06.2015;27391;20
24.06.2015;27578;20
25.06.2015;28024;21
26.06.2015;27624;18
27.06.2015;28819;17
28.06.2015;29633;16
29.06.2015;31598;17
30.06.2015;29593;20
01.07.2015;28001;20
02.07.2015;27186;20
03.07.2015;22075;19
04.07.2015;20077;23
05.07.2015;22416;24
06.07.2015;23649;18
07.07.2015;23934;15
08.07.2015;23633;14
09.07.2015;24084;19
10.07.2015;23127;20
11.07.2015;21183;18
12.07.2015;19565;16
13.07.2015;19228;13
14.07.2015;18574;14
15.07.2015;18705;14
16.07.2015;22269;16
17.07.2015;21166;17
18.07.2015;16659;18
19.07.2015;17968;18
20.07.2015;22816;18
21.07.2015;22302;17
22.07.2015;22664;19
23.07.2015;22406;17
24.07.2015;21705;19
25.07.2015;17451;19
26.07.2015;18092;19
27.07.2015;17715;20
28.07.2015;16786;19
29.07.2015;16829;18
30.07.2015;16660;18
31.07.2015;16642;19
01.08.2015;16329;15
02.08.2015;17731;17
03.08.2015;22588;18
04.08.2015;21951;18
05.08.2015;21877;18
06.08.2015;20347;18
07.08.2015;21313;21
08.08.2015;21606;21
09.08.2015;21450;21
10.08.2015;22774;22
11.08.2015;21149;20
12.08.2015;19791;20
13.08.2015;21154;23
14.08.2015;20857;19
15.08.2015;21154;16
16.08.2015;21466;16
17.08.2015;24032;14
18.08.2015;23759;14
19.08.2015;22731;13
20.08.2015;22605;14
21.08.2015;21888;17
22.08.2015;23578;19
23.08.2015;25067;19
24.08.2015;24270;19
25.08.2015;25103;19
26.08.2015;24948;18
27.08.2015;25361;19
28.08.2015;25729;19
29.08.2015;26026;16
30.08.2015;26239;17
31.08.2015;26522;16
01.09.2015;26106;16
02.09.2015;26203;15
03.09.2015;26110;14
04.09.2015;25567;12
05.09.2015;25100;14
06.09.2015;25524;14
07.09.2015;25254;15
08.09.2015;26203;13
09.09.2015;26447;13
10.09.2015;24349;12
11.09.2015;25434;13
12.09.2015;25091;14
13.09.2015;25037;14
14.09.2015;25168;13
15.09.2015;26582;13
16.09.2015;24796;13
17.09.2015;25198;13
18.09.2015;25033;16
19.09.2015;24992;17
20.09.2015;26415;15
21.09.2015;26116;14
22.09.2015;26084;12
23.09.2015;26522;13
24.09.2015;26046;13
25.09.2015;25649;15
26.09.2015;25450;16
27.09.2015;26166;14
28.09.2015;27437;10
29.09.2015;28449;9
30.09.2015;27134;9
01.10.2015;28957;9
02.10.2015;29410;11
03.10.2015;30514;12
04.10.2015;32017;10
05.10.2015;32737;8
06.10.2015;33216;8
07.10.2015;34829;3
08.10.2015;33602;2
09.10.2015;34685;1
10.10.2015;34295;2
11.10.2015;34878;4
12.10.2015;37056;4
13.10.2015;35921;4
14.10.2015;35422;3
15.10.2015;35358;5
16.10.2015;36645;5
17.10.2015;36308;5
18.10.2015;36288;4
19.10.2015;36780;6
20.10.2015;36806;4
21.10.2015;35340;-1
22.10.2015;36224;-1
23.10.2015;36388;2
24.10.2015;36350;3
25.10.2015;37027;6
26.10.2015;35457;6
27.10.2015;36542;6
28.10.2015;36424;4
29.10.2015;37522;0
30.10.2015;38253;0
31.10.2015;37740;0
01.11.2015;36348;-1
02.11.2015;36354;5
03.11.2015;33042;8
04.11.2015;33804;9
05.11.2015;34352;6
06.11.2015;34040;4
07.11.2015;34655;-1
08.11.2015;34432;2
09.11.2015;34535;1
10.11.2015;35152;3
11.11.2015;34813;3
12.11.2015;35440;2
13.11.2015;35261;2
14.11.2015;37932;2
15.11.2015;38422;1
16.11.2015;38183;0
17.11.2015;37438;-2
18.11.2015;35589;-1
19.11.2015;35592;1
20.11.2015;37319;2
21.11.2015;37681;2
22.11.2015;38148;2
23.11.2015;38797;0
24.11.2015;38597;0
25.11.2015;38742;-2
26.11.2015;39372;-1
27.11.2015;38042;-2
28.11.2015;37977;-1
29.11.2015;37208;3
30.11.2015;34230;0
01.12.2015;31416;0
02.12.2015;31285;1
03.12.2015;31643;1
04.12.2015;33859;0
05.12.2015;33397;2
06.12.2015;30097;4
07.12.2015;30575;5
08.12.2015;31295;4
09.12.2015;30659;2
10.12.2015;35097;1
11.12.2015;36618;3
12.12.2015;36618;5
13.12.2015;37279;1
14.12.2015;37636;0
15.12.2015;38584;-1
16.12.2015;39908;-3
17.12.2015;40466;-3
18.12.2015;39582;-7
19.12.2015;38171;-4
20.12.2015;37591;0
21.12.2015;36856;4
22.12.2015;36114;8
23.12.2015;36139;5
24.12.2015;36781;5
25.12.2015;35950;3
26.12.2015;38162;2
27.12.2015;40373;3
28.12.2015;40591;-4
29.12.2015;40444;-8
30.12.2015;35941;-9
31.12.2015;36464;-11
01.01.2016;38451;-6
02.01.2016;38506;-14
03.01.2016;38888;-17
04.01.2016;41993;-11
05.01.2016;50080;-15
06.01.2016;51182;-20
07.01.2016;50749;-24
08.01.2016;51243;-25
09.01.2016;50234;-26
10.01.2016;50237;-25
11.01.2016;49911;-21
12.01.2016;48764;-21
13.01.2016;48006;-14
14.01.2016;49972;-10
15.01.2016;76872;-14
16.01.2016;49539;-21
17.01.2016;46944;-20
18.01.2016;43832;-16
19.01.2016;40496;-20
20.01.2016;76875;-14
21.01.2016;43639;-9
22.01.2016;44474;-12
23.01.2016;44025;-17
24.01.2016;42426;-23
25.01.2016;43206;-14
26.01.2016;38590;-11
27.01.2016;34770;-7
28.01.2016;34041;-1
29.01.2016;34206;2
30.01.2016;33894;0
31.01.2016;34438;1
01.02.2016;65479;2
02.02.2016;64747;0
03.02.2016;64435;-1
04.02.2016;63373;0
05.02.2016;65342;-4
06.02.2016;65413;-1
07.02.2016;64288;-7
08.02.2016;65026;-3
09.02.2016;63386;2
10.02.2016;63544;3
11.02.2016;63742;3
12.02.2016;63866;3
13.02.2016;61762;1
14.02.2016;64239;2
15.02.2016;65131;0
16.02.2016;68226;-1
17.02.2016;67681;-2
18.02.2016;66348;-4
19.02.2016;66088;-4
20.02.2016;65264;-1
21.02.2016;66090;-2
22.02.2016;65921;-3
23.02.2016;65868;-3
24.02.2016;64811;-1
25.02.2016;64480;-3
26.02.2016;64747;-1
27.02.2016;65459;-2
28.02.2016;64496;-4
29.02.2016;69140;-2
01.03.2016;68350;-4
02.03.2016;67870;-8
03.03.2016;66246;-8
04.03.2016;63594;-4
05.03.2016;61525;-1
06.03.2016;61118;0
07.03.2016;60946;1
08.03.2016;60766;1
09.03.2016;61751;2
10.03.2016;61639;3
11.03.2016;60578;1
12.03.2016;59741;0
13.03.2016;61620;0
14.03.2016;61906;0
15.03.2016;62100;-1
16.03.2016;60915;0
17.03.2016;62578;2
18.03.2016;67121;2
19.03.2016;68028;-4
20.03.2016;67012;-5
21.03.2016;66877;-6
22.03.2016;65321;-6
23.03.2016;65142;-6
24.03.2016;64285;-5
25.03.2016;61059;-4
26.03.2016;60507;-1
27.03.2016;60874;3
28.03.2016;59165;5
29.03.2016;57723;6
30.03.2016;57517;5
31.03.2016;59179;4
01.04.2016;59130;4
02.04.2016;58784;3
03.04.2016;58525;3
04.04.2016;58584;3
05.04.2016;56490;3
06.04.2016;54476;3
07.04.2016;54121;9
08.04.2016;55982;8
09.04.2016;54684;8
10.04.2016;56683;6
11.04.2016;55716;5
12.04.2016;49489;5
13.04.2016;47287;5
14.04.2016;53338;7
15.04.2016;52299;5
16.04.2016;49480;3
17.04.2016;49597;6
18.04.2016;51837;10
19.04.2016;51849;7
20.04.2016;51459;7
21.04.2016;55090;6
22.04.2016;53032;4
23.04.2016;49714;4
24.04.2016;49987;4
25.04.2016;50683;5
26.04.2016;46120;8
27.04.2016;49049;13
28.04.2016;45203;12
29.04.2016;44474;14
30.04.2016;42562;11
01.05.2016;41180;10
02.05.2016;40870;10
03.05.2016;40549;11
04.05.2016;36121;13
05.05.2016;34488;13
06.05.2016;31953;13
07.05.2016;31643;15
08.05.2016;31257;15
09.05.2016;31684;16
10.05.2016;33229;17
11.05.2016;34087;17
12.05.2016;36670;12
13.05.2016;41488;9
14.05.2016;40493;12
15.05.2016;39336;15
16.05.2016;39729;17
17.05.2016;38142;15
18.05.2016;36866;15
19.05.2016;38610;14
20.05.2016;37740;15
21.05.2016;37155;14
22.05.2016;36440;14
23.05.2016;33469;16
24.05.2016;32062;17
25.05.2016;33308;18
26.05.2016;35029;18
27.05.2016;36352;19
28.05.2016;33465;14
29.05.2016;30492;13
30.05.2016;30815;19
31.05.2016;31347;21
01.06.2016;32342;19
02.06.2016;32522;19
03.06.2016;33523;20
04.06.2016;34216;20
05.06.2016;34186;15
06.06.2016;37022;11
07.06.2016;36836;10
08.06.2016;32785;12
09.06.2016;34015;15
10.06.2016;34155;10
11.06.2016;34973;11
12.06.2016;33063;12
13.06.2016;30960;10
14.06.2016;31691;12
15.06.2016;32235;16
16.06.2016;35117;18
17.06.2016;34448;22
18.06.2016;34219;23
19.06.2016;36176;22
20.06.2016;39374;18
21.06.2016;41952;21
22.06.2016;42761;21
23.06.2016;42322;20
24.06.2016;44059;20
25.06.2016;44716;21
26.06.2016;41271;22
27.06.2016;44034;24
28.06.2016;42100;20
29.06.2016;39505;19
30.06.2016;36920;20
01.07.2016;36860;22
02.07.2016;76880;22
03.07.2016;37377;24
04.07.2016;42561;26
05.07.2016;37778;21
06.07.2016;36793;13
07.07.2016;34617;14
08.07.2016;33211;15
09.07.2016;31410;16
10.07.2016;32040;18
11.07.2016;32138;19
12.07.2016;31516;19
13.07.2016;31202;20
14.07.2016;31985;21
15.07.2016;30628;20
16.07.2016;29239;19
17.07.2016;28121;19
18.07.2016;30453;21
19.07.2016;76882;18
20.07.2016;30018;18
21.07.2016;29370;19
22.07.2016;30291;21
23.07.2016;30268;21
24.07.2016;27915;22
25.07.2016;29788;24
26.07.2016;29426;23
27.07.2016;28157;24
28.07.2016;28390;24
29.07.2016;31579;23
30.07.2016;30504;22
31.07.2016;30919;20
01.08.2016;32530;22
02.08.2016;33264;20
03.08.2016;32599;20
04.08.2016;31395;19
05.08.2016;31978;19
06.08.2016;31888;21
07.08.2016;33996;22
08.08.2016;35023;19
09.08.2016;35883;19
10.08.2016;36241;21
11.08.2016;37849;19
12.08.2016;36688;16
13.08.2016;35587;15
14.08.2016;37333;15
15.08.2016;39603;18
16.08.2016;38922;17
17.08.2016;37886;14
18.08.2016;38952;16
19.08.2016;38930;18
20.08.2016;39622;20
21.08.2016;37953;19
22.08.2016;34902;21
23.08.2016;35158;21
24.08.2016;35358;19
25.08.2016;35122;18
26.08.2016;35367;16
27.08.2016;36426;18
28.08.2016;36413;20
29.08.2016;34397;15
30.08.2016;34341;11
31.08.2016;33970;15
01.09.2016;34090;14
02.09.2016;35086;14
03.09.2016;34933;17
04.09.2016;35520;16
05.09.2016;35922;14
06.09.2016;38014;15
07.09.2016;39768;12
08.09.2016;39984;15
09.09.2016;38352;15
10.09.2016;39150;13
11.09.2016;40472;13
12.09.2016;39833;15
13.09.2016;39160;17
14.09.2016;41122;14
15.09.2016;41848;12
16.09.2016;43335;11
17.09.2016;46285;12
18.09.2016;48164;11
19.09.2016;49732;9
20.09.2016;49554;10
21.09.2016;51747;10
22.09.2016;54958;10
23.09.2016;56022;11
24.09.2016;56478;9
25.09.2016;55565;9
26.09.2016;57309;10
27.09.2016;54278;11
28.09.2016;51861;11
29.09.2016;51854;10
30.09.2016;50557;10
01.10.2016;48751;13
02.10.2016;53883;11
03.10.2016;61311;9
04.10.2016;57200;9
05.10.2016;54873;7
06.10.2016;56405;7
07.10.2016;52551;6
08.10.2016;53800;6
09.10.2016;55573;6
10.10.2016;55496;6
11.10.2016;55071;4
12.10.2016;56785;4
13.10.2016;57964;3
14.10.2016;56700;2
15.10.2016;55198;3
16.10.2016;54530;5
17.10.2016;55964;4
18.10.2016;58892;4
19.10.2016;61229;4
20.10.2016;60773;1
21.10.2016;60858;0
22.10.2016;59067;1
23.10.2016;58468;1
24.10.2016;59036;3
25.10.2016;60917;3
26.10.2016;59671;0
27.10.2016;56964;0
28.10.2016;55302;1
29.10.2016;55507;3
30.10.2016;57077;3
31.10.2016;57859;1
01.11.2016;59959;0
02.11.2016;66693;-1
03.11.2016;69432;-3
04.11.2016;70765;-3
05.11.2016;69361;-3
06.11.2016;72704;-6
07.11.2016;74458;-8
08.11.2016;74014;-7
09.11.2016;75292;-7
10.11.2016;80590;-7
11.11.2016;78512;-8
12.11.2016;76453;-11
13.11.2016;74446;-7
14.11.2016;72310;-4
15.11.2016;71129;-4
16.11.2016;68497;-3
17.11.2016;68636;-2
18.11.2016;68010;0
19.11.2016;64744;0
20.11.2016;64754;2
21.11.2016;63658;3
22.11.2016;63737;2
23.11.2016;65868;1
24.11.2016;66072;-1
25.11.2016;67704;1
26.11.2016;67264;0
27.11.2016;72014;-3
28.11.2016;77622;-1
29.11.2016;77930;-8
30.11.2016;73790;-11
01.12.2016;73601;-11
02.12.2016;73260;-3
03.12.2016;74488;-4
04.12.2016;76514;-5
05.12.2016;75182;-8
06.12.2016;80289;-4
07.12.2016;74057;-9
08.12.2016;71983;-12
09.12.2016;72115;0
10.12.2016;73439;0
11.12.2016;74541;-5
12.12.2016;79768;-8
13.12.2016;78710;-10
14.12.2016;78408;-10
15.12.2016;74470;-5
16.12.2016;73612;-10
17.12.2016;70351;-4
18.12.2016;71901;-2
19.12.2016;71214;-1
20.12.2016;68214;-1
21.12.2016;67786;0
22.12.2016;67086;1
23.12.2016;65256;1
24.12.2016;64239;1
25.12.2016;64982;1
26.12.2016;67103;1
27.12.2016;69028;2
28.12.2016;70371;0
29.12.2016;68861;-3
30.12.2016;64476;-3
31.12.2016;58272;1
01.01.2017;59977;3
02.01.2017;65158;1
03.01.2017;74628;-3
04.01.2017;82713;-11
05.01.2017;86112;-17
06.01.2017;87894;-22
07.01.2017;88537;-23
08.01.2017;83626;-24
09.01.2017;77206;-16
10.01.2017;76751;-6
11.01.2017;78244;0
12.01.2017;79752;-6
13.01.2017;75815;-5
14.01.2017;72571;-5
15.01.2017;74407;-2
16.01.2017;76029;-2
17.01.2017;76250;-4
18.01.2017;73594;-6
19.01.2017;72991;-4
20.01.2017;73996;0
21.01.2017;73827;-3
22.01.2017;72888;-3
23.01.2017;72714;-6
24.01.2017;76875;-1
25.01.2017;79147;-3
26.01.2017;75180;-9
27.01.2017;72443;-8
28.01.2017;72766;0
29.01.2017;73537;-1
30.01.2017;71817;-1
31.01.2017;71013;-1
01.02.2017;74967;-1
02.02.2017;75803;-3
03.02.2017;72880;-8
04.02.2017;72589;-4
05.02.2017;73375;-2
06.02.2017;80939;-5
07.02.2017;85930;-14
08.02.2017;81670;-21
09.02.2017;80696;-15
10.02.2017;75780;-11
11.02.2017;74245;-8
12.02.2017;72132;-6
13.02.2017;69119;-7
14.02.2017;66787;-3
15.02.2017;67610;2
16.02.2017;67092;-4
17.02.2017;65306;-6
18.02.2017;64894;-1
19.02.2017;64411;0
20.02.2017;66103;-1
21.02.2017;69078;1
22.02.2017;69586;-3
23.02.2017;67599;-10
24.02.2017;71713;-6
25.02.2017;74045;-5
26.02.2017;71548;-8
27.02.2017;68615;-6
28.02.2017;61566;-4
01.03.2017;59424;-5
02.03.2017;61087;4
03.03.2017;61797;2
04.03.2017;67272;0
05.03.2017;68363;0
06.03.2017;68114;-5
07.03.2017;63792;-7
08.03.2017;60643;-4
09.03.2017;59842;1
10.03.2017;58808;2
11.03.2017;59656;2
12.03.2017;61884;1
13.03.2017;61925;1
14.03.2017;60845;0
15.03.2017;59768;1
16.03.2017;59718;1
17.03.2017;60028;3
18.03.2017;58983;1
19.03.2017;58347;2
20.03.2017;56002;2
21.03.2017;55018;2
22.03.2017;57785;3
23.03.2017;60503;4
24.03.2017;62037;4
25.03.2017;61894;0
26.03.2017;62393;-1
27.03.2017;61972;0
28.03.2017;65334;3
29.03.2017;66803;1
30.03.2017;66110;-2
31.03.2017;64942;-3
01.04.2017;62816;0
02.04.2017;63302;0
03.04.2017;62609;4
04.04.2017;58389;2
05.04.2017;56260;3
06.04.2017;58934;8
07.04.2017;57873;5
08.04.2017;60840;4
09.04.2017;54604;2
10.04.2017;49733;4
11.04.2017;50537;10
12.04.2017;55242;8
13.04.2017;60913;2
14.04.2017;62357;-1
15.04.2017;60613;-3
16.04.2017;62111;-3
17.04.2017;64009;-4
18.04.2017;62157;-1
19.04.2017;60952;0
20.04.2017;57853;-1
21.04.2017;58198;1
22.04.2017;58111;2
23.04.2017;57459;3
24.04.2017;57696;4
25.04.2017;55524;4
26.04.2017;55921;4
27.04.2017;54087;5
28.04.2017;52124;6
29.04.2017;55004;6
30.04.2017;52177;4
01.05.2017;49510;6
02.05.2017;50364;6
03.05.2017;50352;9
04.05.2017;50045;7
05.05.2017;49033;6
06.05.2017;50405;9
07.05.2017;51419;9
08.05.2017;51670;4
09.05.2017;52365;3
10.05.2017;53958;3
11.05.2017;54105;2
12.05.2017;53179;3
13.05.2017;51317;4
14.05.2017;48674;6
15.05.2017;53286;9
16.05.2017;49190;9
17.05.2017;45047;9
18.05.2017;42203;10
19.05.2017;36624;15
20.05.2017;36443;18
21.05.2017;37776;15
22.05.2017;34862;12
23.05.2017;34535;13
24.05.2017;33728;16
25.05.2017;33314;15
26.05.2017;33584;15
27.05.2017;30823;14
28.05.2017;31971;10
29.05.2017;35757;12
30.05.2017;35657;14
31.05.2017;36731;11
01.06.2017;36882;10
02.06.2017;37157;9
03.06.2017;37758;6
04.06.2017;34310;7
05.06.2017;37038;10
06.06.2017;35804;11
07.06.2017;33080;16
08.06.2017;34059;18
09.06.2017;33948;17
10.06.2017;32444;16
11.06.2017;30303;17
12.06.2017;35456;18
13.06.2017;39058;16
14.06.2017;37316;16
15.06.2017;36524;13
16.06.2017;35133;15
17.06.2017;33659;17
18.06.2017;34375;20
19.06.2017;33851;19
20.06.2017;36172;19
21.06.2017;38112;15
22.06.2017;38142;13
23.06.2017;37868;13
24.06.2017;35554;13
25.06.2017;35664;14
26.06.2017;36391;17
27.06.2017;35221;16
28.06.2017;34352;15
29.06.2017;33953;16
30.06.2017;38166;17
01.07.2017;35932;14
02.07.2017;34259;14
03.07.2017;35106;18
04.07.2017;37126;19
05.07.2017;37893;18
06.07.2017;35670;16
07.07.2017;34134;14
08.07.2017;38051;13
09.07.2017;39572;14
10.07.2017;37728;17
11.07.2017;36754;20
12.07.2017;37546;20
13.07.2017;38878;21
14.07.2017;39034;22
15.07.2017;37509;17
16.07.2017;37705;17
17.07.2017;37818;18
18.07.2017;38677;18
19.07.2017;39268;18
20.07.2017;39793;16
21.07.2017;37959;16
22.07.2017;34632;17
23.07.2017;36029;17
24.07.2017;39597;16
25.07.2017;37412;16
26.07.2017;34701;18
27.07.2017;34629;19
28.07.2017;31640;19
29.07.2017;31913;21
30.07.2017;33005;20
31.07.2017;38764;20
01.08.2017;38352;20
02.08.2017;38117;21
03.08.2017;35132;19
04.08.2017;37954;19
05.08.2017;38768;16
06.08.2017;39059;18
07.08.2017;38411;18
08.08.2017;36703;17
09.08.2017;35357;17
10.08.2017;31685;19
11.08.2017;32816;21
12.08.2017;34581;19
13.08.2017;36461;21
14.08.2017;37856;21
15.08.2017;39940;18
16.08.2017;40917;17
17.08.2017;40622;18
18.08.2017;42186;20
19.08.2017;41168;21
20.08.2017;40282;22
21.08.2017;40741;20
22.08.2017;40619;18
23.08.2017;40130;17
24.08.2017;43279;17
25.08.2017;47586;16
26.08.2017;47446;14
27.08.2017;48654;14
28.08.2017;43640;11
29.08.2017;40726;12
30.08.2017;39754;13
31.08.2017;41576;15
01.09.2017;44643;19
02.09.2017;45753;17
03.09.2017;46186;13
04.09.2017;39495;12
05.09.2017;35382;12
06.09.2017;28013;11
07.09.2017;28368;10
08.09.2017;27454;11
09.09.2017;29511;12
10.09.2017;35526;13
11.09.2017;36814;17
12.09.2017;35451;16
13.09.2017;36723;17
14.09.2017;36637;16
15.09.2017;37696;14
16.09.2017;36010;12
17.09.2017;37882;12
18.09.2017;40992;12
19.09.2017;45070;9
20.09.2017;48099;11
21.09.2017;49860;10
22.09.2017;50710;11
23.09.2017;47901;11
24.09.2017;49749;12
25.09.2017;49975;11
26.09.2017;48412;11
27.09.2017;49324;11
28.09.2017;49836;9
29.09.2017;53178;9
30.09.2017;51677;7
01.10.2017;52114;8
02.10.2017;56799;8
03.10.2017;58567;7
04.10.2017;58900;7
05.10.2017;58050;7
06.10.2017;59781;9
07.10.2017;55985;7
08.10.2017;55429;8
09.10.2017;55405;8
10.10.2017;53780;8
11.10.2017;53225;8
12.10.2017;54296;7
13.10.2017;55153;7
14.10.2017;59097;7
15.10.2017;59168;6
16.10.2017;58788;5
17.10.2017;52608;6
18.10.2017;55838;7
19.10.2017;55152;8
20.10.2017;56926;5
21.10.2017;61364;4
22.10.2017;63363;0
23.10.2017;60382;0
24.10.2017;65984;-1
25.10.2017;66487;1
26.10.2017;66113;-1
27.10.2017;67381;-2
28.10.2017;67137;-1
29.10.2017;64008;0
30.10.2017;63784;1
31.10.2017;66570;3
01.11.2017;69604;1
02.11.2017;68946;-2
03.11.2017;63760;-4
04.11.2017;60778;-4
05.11.2017;57340;1
06.11.2017;57377;6
07.11.2017;52857;5
08.11.2017;56817;4
09.11.2017;60638;1
10.11.2017;62546;2
11.11.2017;61888;2
12.11.2017;62193;4
13.11.2017;62820;2
14.11.2017;63090;2
15.11.2017;62096;1
16.11.2017;60792;1
17.11.2017;61473;2
18.11.2017;62077;2
19.11.2017;62524;3
20.11.2017;63831;2
21.11.2017;63253;0
22.11.2017;67285;0
23.11.2017;69333;-1
24.11.2017;65392;-4
25.11.2017;65745;-3
26.11.2017;65853;0
27.11.2017;64970;1
28.11.2017;66049;1
29.11.2017;66269;0
30.11.2017;68230;-1
01.12.2017;71454;-2
02.12.2017;71944;0
03.12.2017;72110;1
04.12.2017;70861;1
05.12.2017;70906;-1
06.12.2017;73374;-2
07.12.2017;73938;-3
08.12.2017;71492;-4
09.12.2017;69285;-4
10.12.2017;70511;0
11.12.2017;70055;0
12.12.2017;71541;-1
13.12.2017;70267;-1
14.12.2017;70868;1
15.12.2017;70323;-1
16.12.2017;70557;-1
17.12.2017;70343;0
18.12.2017;71304;-1
19.12.2017;73961;-1
20.12.2017;75073;-3
21.12.2017;72693;-4
22.12.2017;72239;-3
23.12.2017;70925;-1
24.12.2017;74205;-2
25.12.2017;74722;-2
26.12.2017;70071;-4
27.12.2017;68780;-3
28.12.2017;69168;0
29.12.2017;65775;0
30.12.2017;66962;1
31.12.2017;66476;2
01.01.2018;62155;0
02.01.2018;64129;-1
03.01.2018;66677;1
04.01.2018;71143;1
05.01.2018;70168;1
06.01.2018;69624;2
07.01.2018;70023;1
08.01.2018;73979;-2
09.01.2018;77322;-3
10.01.2018;77786;-6
11.01.2018;79486;-2
12.01.2018;82767;-3
13.01.2018;84540;-6
14.01.2018;84626;-8
15.01.2018;87071;-6
16.01.2018;88981;-8
17.01.2018;86720;-9
18.01.2018;84698;-9
19.01.2018;82523;-7
20.01.2018;85794;-5
21.01.2018;89080;-7
22.01.2018;90424;-11
23.01.2018;89962;-15
24.01.2018;82578;-13
25.01.2018;71293;-12
26.01.2018;70053;-3
27.01.2018;70283;2
28.01.2018;72193;0
29.01.2018;74529;-1
30.01.2018;81224;-2
31.01.2018;83995;-7
01.02.2018;81213;-10
02.02.2018;82751;-14
03.02.2018;87775;-6
04.02.2018;88652;-6
05.02.2018;88185;-12
06.02.2018;84552;-9
07.02.2018;81942;-9
08.02.2018;80629;-10
09.02.2018;83745;-6
10.02.2018;84364;-8
11.02.2018;82660;-6
12.02.2018;77881;-5
13.02.2018;80753;-3
14.02.2018;81125;-3
15.02.2018;82488;-7
16.02.2018;84362;-12
17.02.2018;83126;-9
18.02.2018;84778;-6
19.02.2018;86516;-6
20.02.2018;91607;-6
21.02.2018;94699;-11
22.02.2018;93388;-15
23.02.2018;93522;-17
24.02.2018;95343;-14
25.02.2018;94725;-18
26.02.2018;97105;-14
27.02.2018;99860;-15
28.02.2018;97642;-19
01.03.2018;95207;-19
02.03.2018;91805;-17
03.03.2018;96003;-15
04.03.2018;92983;-12
05.03.2018;88005;-13
06.03.2018;83277;-11
07.03.2018;85206;-13
08.03.2018;82956;-9
09.03.2018;84989;-7
10.03.2018;84250;-4
11.03.2018;82218;-3
12.03.2018;76582;-1
13.03.2018;70019;-2
14.03.2018;76232;1
15.03.2018;80351;2
16.03.2018;84181;-8
17.03.2018;84833;-10
18.03.2018;80754;-10
19.03.2018;78520;-6
20.03.2018;74476;0
21.03.2018;71117;-1
22.03.2018;66416;-7
23.03.2018;76401;-5
24.03.2018;73884;-2
25.03.2018;72902;-9
26.03.2018;72887;1
27.03.2018;74201;-3
28.03.2018;74013;-8
29.03.2018;75268;-8
30.03.2018;74509;-5
31.03.2018;75677;-3
01.04.2018;74829;-4
02.04.2018;72566;-2
03.04.2018;75697;2
04.04.2018;69426;1
05.04.2018;66915;2
06.04.2018;72559;9
07.04.2018;72482;7
08.04.2018;68069;4
09.04.2018;62992;5
10.04.2018;66853;11
11.04.2018;64884;4
12.04.2018;63569;2
13.04.2018;61511;3
14.04.2018;58620;4
15.04.2018;55636;7
16.04.2018;54138;10
17.04.2018;55179;10
18.04.2018;59999;9
19.04.2018;57128;8
20.04.2018;57607;10
21.04.2018;60370;8
22.04.2018;64537;7
23.04.2018;61550;3
24.04.2018;56950;3
25.04.2018;57141;5
26.04.2018;56215;8
27.04.2018;55070;8
28.04.2018;53715;7
29.04.2018;52284;8
30.04.2018;50104;9
01.05.2018;50167;10
02.05.2018;51174;7
03.05.2018;46700;12
04.05.2018;46272;11
05.05.2018;48229;12
06.05.2018;44714;8
07.05.2018;37067;12
08.05.2018;35972;15
09.05.2018;34332;14
10.05.2018;30207;11
11.05.2018;28599;13
12.05.2018;29632;15
13.05.2018;29030;17
14.05.2018;28708;19
15.05.2018;28875;21
16.05.2018;29715;22
17.05.2018;29227;17
18.05.2018;31559;17
19.05.2018;32341;18
20.05.2018;35578;13
21.05.2018;36511;14
22.05.2018;37741;18
23.05.2018;33093;19
24.05.2018;30754;18
25.05.2018;34635;15
26.05.2018;32303;16
27.05.2018;29383;19
28.05.2018;27772;18
29.05.2018;33273;17
30.05.2018;36052;19
31.05.2018;36938;18
01.06.2018;34143;12
02.06.2018;33420;15
03.06.2018;34317;20
04.06.2018;35136;20
05.06.2018;34183;17
06.06.2018;40789;9
07.06.2018;40542;11
08.06.2018;37818;11
09.06.2018;31455;11
10.06.2018;33487;12
11.06.2018;31923;15
12.06.2018;32255;18
13.06.2018;31511;18
14.06.2018;31153;13
15.06.2018;32936;17
16.06.2018;38805;21
17.06.2018;38556;23
18.06.2018;38280;22
19.06.2018;37890;24
20.06.2018;39836;18
21.06.2018;37003;18
22.06.2018;36785;17
23.06.2018;33336;19
24.06.2018;33734;18
25.06.2018;36091;17
26.06.2018;36463;18
27.06.2018;38171;20
28.06.2018;35222;20
29.06.2018;37064;23
30.06.2018;39505;21
01.07.2018;37403;12
02.07.2018;32769;13
03.07.2018;29093;13
04.07.2018;29418;17
05.07.2018;34144;18
06.07.2018;31383;18
07.07.2018;30519;18
08.07.2018;31608;19
09.07.2018;32360;18
10.07.2018;33863;17
11.07.2018;37443;16
12.07.2018;37679;21
13.07.2018;38866;23
14.07.2018;35817;24
15.07.2018;34974;24
16.07.2018;32201;25
17.07.2018;27526;26
18.07.2018;28005;26
19.07.2018;30049;25
20.07.2018;28440;24
21.07.2018;28666;23
22.07.2018;27622;24
23.07.2018;30223;24
24.07.2018;33302;24
25.07.2018;32640;25
26.07.2018;36534;22
27.07.2018;33980;23
28.07.2018;32423;23
29.07.2018;29004;23
30.07.2018;28964;23
31.07.2018;33737;23
01.08.2018;35263;23
02.08.2018;34375;25
03.08.2018;35153;25
04.08.2018;33798;26
05.08.2018;36378;23
06.08.2018;34191;20
07.08.2018;34206;20
08.08.2018;33957;18
09.08.2018;32714;19
10.08.2018;30322;22
11.08.2018;29735;26
12.08.2018;31347;23
13.08.2018;33539;18
14.08.2018;33442;17
15.08.2018;32698;17
16.08.2018;30741;17
17.08.2018;29790;18
18.08.2018;32749;19
19.08.2018;33584;21
20.08.2018;35415;20
21.08.2018;37121;18
22.08.2018;36191;15
23.08.2018;35653;15
24.08.2018;35078;18
25.08.2018;33764;21
26.08.2018;35690;20
27.08.2018;33729;17
28.08.2018;33487;17
29.08.2018;34283;16
30.08.2018;37729;15
31.08.2018;41223;18
01.09.2018;38225;17
02.09.2018;40218;17
03.09.2018;40155;19
04.09.2018;39332;17
05.09.2018;40357;18
06.09.2018;38237;19
07.09.2018;36152;20
08.09.2018;36027;20
09.09.2018;41303;19
10.09.2018;40316;17
11.09.2018;41436;14
12.09.2018;41150;15
13.09.2018;42264;16
14.09.2018;42854;14
15.09.2018;41464;13
16.09.2018;42798;14
17.09.2018;45903;13
18.09.2018;45700;10
19.09.2018;45502;13
20.09.2018;44301;17
21.09.2018;42367;17
22.09.2018;45371;17
23.09.2018;47729;18
24.09.2018;48164;12
25.09.2018;50882;10
26.09.2018;53925;7
27.09.2018;57920;6
28.09.2018;63864;9
29.09.2018;63765;7
30.09.2018;63806;4
01.10.2018;65155;6
02.10.2018;65093;10
03.10.2018;67068;8
04.10.2018;71241;7
05.10.2018;67522;5
06.10.2018;66047;3
07.10.2018;68301;9
08.10.2018;67770;7
09.10.2018;66121;3
10.10.2018;64491;7
11.10.2018;65601;12
12.10.2018;66708;8
13.10.2018;63932;8
14.10.2018;61274;11
15.10.2018;55718;14
16.10.2018;55542;12
17.10.2018;52435;10
18.10.2018;52411;10
19.10.2018;57876;11
20.10.2018;59167;7
21.10.2018;58390;6
22.10.2018;58464;6
23.10.2018;59480;8
24.10.2018;60109;4
25.10.2018;63427;4
26.10.2018;64793;2
27.10.2018;68614;0
28.10.2018;69578;0
29.10.2018;73501;1
30.10.2018;72494;-3
31.10.2018;70535;-2
01.11.2018;68762;1
02.11.2018;67269;5
03.11.2018;67502;6
04.11.2018;66332;7
05.11.2018;67385;4
06.11.2018;67517;3
07.11.2018;68550;2
08.11.2018;68075;4
09.11.2018;67508;4
10.11.2018;69626;4
11.11.2018;70398;2
12.11.2018;72318;2
13.11.2018;75524;1
14.11.2018;72668;1
15.11.2018;71355;3
16.11.2018;70582;3
17.11.2018;70600;4
18.11.2018;74071;6
19.11.2018;72369;4
20.11.2018;73877;0
21.11.2018;77016;-2
22.11.2018;77381;-2
23.11.2018;76374;-1
24.11.2018;76525;-3
25.11.2018;81311;0
26.11.2018;85611;-3
27.11.2018;86616;-4
28.11.2018;87152;-5
29.11.2018;87590;-9
30.11.2018;86781;-7
01.12.2018;86260;-7
02.12.2018;86828;-8
03.12.2018;84285;-6
04.12.2018;78269;-6
05.12.2018;76278;-3
06.12.2018;77330;1
07.12.2018;81326;0
08.12.2018;82774;-1
09.12.2018;81782;-2
10.12.2018;82499;-3
11.12.2018;80739;-2
12.12.2018;81637;-2
13.12.2018;83704;-2
14.12.2018;85776;-2
15.12.2018;89004;-5
16.12.2018;90897;-7
17.12.2018;94214;-9
18.12.2018;92771;-12
19.12.2018;90855;-11
20.12.2018;94950;-10
21.12.2018;97891;-10
22.12.2018;96086;-14
23.12.2018;93352;-12
24.12.2018;89182;-8
25.12.2018;86170;-6
26.12.2018;83432;-6
27.12.2018;85481;-3
28.12.2018;83523;-6
29.12.2018;80603;-5
30.12.2018;80432;-3
31.12.2018;80112;-2
01.01.2019;78038;-5
02.01.2019;81643;-4
03.01.2019;84778;0
04.01.2019;85743;-4
05.01.2019;86548;-7
06.01.2019;86019;-8
07.01.2019;83570;-8
08.01.2019;85709;-5
09.01.2019;86200;-3
10.01.2019;87958;-4
11.01.2019;86605;-7
12.01.2019;87331;-6
13.01.2019;86919;-3
14.01.2019;83459;-7
15.01.2019;85154;-3
16.01.2019;87016;-2
17.01.2019;88110;-5
18.01.2019;91735;-5
19.01.2019;91233;-9
20.01.2019;95586;-13
21.01.2019;103434;-7
22.01.2019;102225;-17
23.01.2019;99242;-19
24.01.2019;102268;-15
25.01.2019;103911;-13
26.01.2019;102481;-20
27.01.2019;99119;-13
28.01.2019;99737;-15
29.01.2019;92083;-19
30.01.2019;87295;-10
31.01.2019;88238;-3
01.02.2019;90751;-3
02.02.2019;91370;-5
03.02.2019;89708;-4
04.02.2019;91093;-4
05.02.2019;92106;-2
06.02.2019;93277;-5
07.02.2019;89637;-4
08.02.2019;86423;-9
09.02.2019;82663;-1
10.02.2019;82161;1
11.02.2019;79814;1
12.02.2019;81660;1
13.02.2019;82144;0
14.02.2019;83006;-5
15.02.2019;82910;-2
16.02.2019;82959;2
17.02.2019;85601;1
18.02.2019;84177;1
19.02.2019;81008;-6
20.02.2019;84276;0
21.02.2019;92164;1
22.02.2019;92280;-7
23.02.2019;87057;-8
24.02.2019;84840;-7
25.02.2019;82452;1
26.02.2019;85871;3
27.02.2019;85678;1
28.02.2019;87330;-3
01.03.2019;90708;1
02.03.2019;90429;-7
03.03.2019;90180;-7
04.03.2019;90380;-6
05.03.2019;90611;-7
06.03.2019;90491;-3
07.03.2019;90425;-11
08.03.2019;89962;-5
09.03.2019;88771;2
10.03.2019;87789;1
11.03.2019;87742;1
12.03.2019;87810;-2
13.03.2019;88997;-6
14.03.2019;84659;-4
15.03.2019;82826;-4
16.03.2019;83210;1
17.03.2019;83546;2
18.03.2019;79430;2
19.03.2019;78449;3
20.03.2019;80952;3
21.03.2019;80093;1
22.03.2019;83445;3
23.03.2019;82096;2
24.03.2019;80430;1
25.03.2019;79671;3
26.03.2019;82523;2
27.03.2019;81852;-1
28.03.2019;79957;-1
29.03.2019;79465;0
30.03.2019;76702;6
31.03.2019;79465;5
01.04.2019;78646;3
02.04.2019;78786;2
03.04.2019;76242;3
04.04.2019;75173;3
05.04.2019;76578;5
06.04.2019;77670;7
07.04.2019;75867;6
08.04.2019;74289;6
09.04.2019;73240;7
10.04.2019;78135;3
11.04.2019;81261;2
12.04.2019;75377;-1
13.04.2019;79140;1
14.04.2019;76994;3
15.04.2019;74191;3
16.04.2019;69476;5
17.04.2019;67806;6
18.04.2019;70613;6
19.04.2019;67907;7
20.04.2019;74052;8
21.04.2019;70294;6
22.04.2019;67101;7
23.04.2019;66400;10
24.04.2019;60852;14
25.04.2019;61186;14
26.04.2019;55022;14
27.04.2019;60046;16
28.04.2019;64048;14
29.04.2019;61492;5
30.04.2019;60835;5
01.05.2019;59204;7
02.05.2019;66977;10
03.05.2019;69256;11
04.05.2019;66035;4
05.05.2019;69683;6
06.05.2019;69472;8
07.05.2019;71345;8
08.05.2019;68635;8
09.05.2019;64504;9
10.05.2019;63506;10
11.05.2019;61521;18
12.05.2019;59208;16
13.05.2019;52823;15
14.05.2019;51236;14
15.05.2019;50291;12
16.05.2019;51668;11
17.05.2019;51794;12
18.05.2019;52726;15
19.05.2019;48852;16
20.05.2019;49693;17
21.05.2019;47086;20
22.05.2019;49696;20
23.05.2019;54613;18
24.05.2019;56595;10
25.05.2019;57275;11
26.05.2019;58325;14
27.05.2019;59628;13
28.05.2019;58799;12
29.05.2019;59425;16
30.05.2019;56732;20
31.05.2019;57507;14
01.06.2019;53763;13
02.06.2019;54503;15
03.06.2019;51202;15
04.06.2019;48662;15
05.06.2019;46734;21
06.06.2019;46441;24
07.06.2019;48587;25
08.06.2019;46666;26
09.06.2019;45496;27
10.06.2019;44940;25
11.06.2019;47328;19
12.06.2019;47618;19
13.06.2019;47587;16
14.06.2019;45456;16
15.06.2019;45130;17
16.06.2019;45059;15
17.06.2019;49745;19
18.06.2019;50166;21
19.06.2019;50594;22
20.06.2019;48352;22
21.06.2019;47227;24
22.06.2019;47260;25
23.06.2019;49036;22
24.06.2019;50819;19
25.06.2019;50469;19
26.06.2019;50050;19
27.06.2019;48232;18
28.06.2019;48358;17
29.06.2019;47180;17
30.06.2019;44670;16
01.07.2019;44719;19
02.07.2019;45647;22
03.07.2019;48169;19
04.07.2019;48609;18
05.07.2019;47155;16
06.07.2019;45329;15
07.07.2019;47100;15
08.07.2019;45963;16
09.07.2019;43123;17
10.07.2019;42047;16
11.07.2019;42429;16
12.07.2019;44399;13
13.07.2019;45120;13
14.07.2019;44969;15
15.07.2019;44994;15
16.07.2019;46183;16
17.07.2019;47122;18
18.07.2019;53522;17
19.07.2019;54274;18
20.07.2019;50738;18
21.07.2019;49678;20
22.07.2019;49270;21
23.07.2019;46639;21
24.07.2019;47530;21
25.07.2019;47233;19
26.07.2019;47125;20
27.07.2019;46400;25
28.07.2019;46926;26
29.07.2019;48217;22
30.07.2019;48470;14
31.07.2019;48434;12
01.08.2019;48130;11
02.08.2019;48647;14
03.08.2019;52800;15
04.08.2019;51249;13
05.08.2019;49241;12
06.08.2019;49027;13
07.08.2019;48833;14
08.08.2019;48146;15
09.08.2019;48015;18
10.08.2019;47699;17
11.08.2019;46765;17
12.08.2019;47287;16
13.08.2019;47149;19
14.08.2019;46271;19
15.08.2019;46641;19
16.08.2019;45329;17
17.08.2019;42785;17
18.08.2019;42511;17
19.08.2019;42798;18
20.08.2019;42814;19
21.08.2019;43549;19
22.08.2019;44014;17
23.08.2019;45412;18
24.08.2019;48547;17
25.08.2019;47370;17
26.08.2019;45254;16
27.08.2019;47643;17
28.08.2019;49906;18
29.08.2019;49837;18
30.08.2019;46018;19
31.08.2019;48310;19
01.09.2019;49790;19
02.09.2019;49525;19
03.09.2019;49310;19
04.09.2019;49118;17
05.09.2019;48710;16
06.09.2019;48112;16
07.09.2019;47822;16
08.09.2019;48105;14
09.09.2019;48885;15
10.09.2019;48919;16
11.09.2019;50228;20
12.09.2019;48731;19
13.09.2019;49349;17
14.09.2019;49034;14
15.09.2019;51102;12
16.09.2019;51269;8
17.09.2019;52887;10
18.09.2019;57175;9
19.09.2019;60945;9
20.09.2019;62985;7
21.09.2019;61600;6
22.09.2019;66198;5
23.09.2019;72515;6
24.09.2019;72164;5
25.09.2019;73570;4
26.09.2019;74894;4
27.09.2019;74255;5
28.09.2019;74278;8
29.09.2019;73270;8
30.09.2019;69548;9
01.10.2019;73166;11
02.10.2019;75163;11
03.10.2019;73194;8
04.10.2019;75262;4
05.10.2019;75716;3
06.10.2019;75539;2
07.10.2019;77801;1
08.10.2019;75462;2
09.10.2019;73840;3
10.10.2019;72132;4
11.10.2019;71701;5
12.10.2019;75121;8
13.10.2019;74693;10
14.10.2019;73794;9
15.10.2019;74352;4
16.10.2019;74866;3
17.10.2019;75844;3
18.10.2019;74233;5
19.10.2019;72914;5
20.10.2019;74230;9
21.10.2019;74800;9
22.10.2019;71699;8
23.10.2019;71697;7
24.10.2019;72008;10
25.10.2019;71230;8
26.10.2019;71347;9
27.10.2019;76797;9
28.10.2019;78789;5
29.10.2019;81668;0
30.10.2019;82178;-2
31.10.2019;80557;-3
01.11.2019;81865;-3
02.11.2019;84789;1
03.11.2019;83242;0
04.11.2019;85407;2
05.11.2019;86618;1
06.11.2019;90390;0
07.11.2019;90084;-1
08.11.2019;85189;-6
09.11.2019;83604;-4
10.11.2019;80708;1
11.11.2019;81368;5
12.11.2019;80044;5
13.11.2019;78164;2
14.11.2019;76849;3
15.11.2019;77860;7
16.11.2019;78505;5
17.11.2019;77890;1
18.11.2019;73858;3
19.11.2019;75990;5
20.11.2019;77993;4
21.11.2019;79685;3
22.11.2019;86795;3
23.11.2019;91270;-3
24.11.2019;90631;-7
25.11.2019;87039;-8
26.11.2019;84675;-8
27.11.2019;83062;-6
28.11.2019;79251;-2
29.11.2019;79306;0
30.11.2019;83526;1
01.12.2019;81711;-1
02.12.2019;83404;-5
03.12.2019;82961;-2
04.12.2019;81662;-4
05.12.2019;80583;-2
06.12.2019;82248;3
07.12.2019;82723;4
08.12.2019;82606;3
09.12.2019;80877;1
10.12.2019;84833;2
11.12.2019;87026;4
12.12.2019;84114;-6
13.12.2019;81871;-2
14.12.2019;77414;0
15.12.2019;78372;1
16.12.2019;82666;1
17.12.2019;80281;0
18.12.2019;79636;2
19.12.2019;82053;3
20.12.2019;82032;1
21.12.2019;81744;0
22.12.2019;79556;1
23.12.2019;77412;2
24.12.2019;77949;3
25.12.2019;78822;3
26.12.2019;79494;3
27.12.2019;85021;1
28.12.2019;88274;0
29.12.2019;85330;-3
30.12.2019;75594;-7
31.12.2019;77138;-1
01.01.2020;73779;3
02.01.2020;75884;-4
03.01.2020;77667;1
04.01.2020;79564;3
05.01.2020;83524;1
06.01.2020;83110;-1
07.01.2020;81137;-5
08.01.2020;81205;0
09.01.2020;80546;2
10.01.2020;83528;3
11.01.2020;83232;-1
12.01.2020;81600;-3
13.01.2020;82333;0
14.01.2020;79662;1
15.01.2020;75038;1
16.01.2020;75819;3
17.01.2020;75810;4
18.01.2020;80612;4
19.01.2020;81528;1
20.01.2020;81360;2
21.01.2020;81124;1
22.01.2020;83629;3
23.01.2020;84817;0
24.01.2020;82529;-3
25.01.2020;83219;-1
26.01.2020;85250;0
27.01.2020;87174;-2
28.01.2020;85868;-8
29.01.2020;85207;-5
30.01.2020;86205;-2
31.01.2020;86072;-2
01.02.2020;85617;-4
02.02.2020;83720;-5
03.02.2020;87793;0
04.02.2020;92583;-1
05.02.2020;91964;-4
06.02.2020;94081;-8
07.02.2020;91623;-5
08.02.2020;87608;-8
09.02.2020;86403;-5
10.02.2020;84978;-1
11.02.2020;83256;1
12.02.2020;84007;2
13.02.2020;83633;1
14.02.2020;83951;1
15.02.2020;83052;0
16.02.2020;83217;-1
17.02.2020;82268;1
18.02.2020;80956;4
19.02.2020;81843;4
20.02.2020;83201;4
21.02.2020;81272;2
22.02.2020;81140;1
23.02.2020;78365;3
24.02.2020;82234;2
25.02.2020;84053;1
26.02.2020;84350;-1
27.02.2020;82905;-4
28.02.2020;83464;-4
29.02.2020;81591;-5
01.03.2020;80611;-5
02.03.2020;81156;-2
03.03.2020;78914;3
04.03.2020;77186;1
05.03.2020;74654;2
06.03.2020;75768;3
07.03.2020;75078;2
08.03.2020;73384;0
09.03.2020;73621;2
10.03.2020;71729;2
11.03.2020;72567;3
12.03.2020;74486;4
13.03.2020;77672;3
14.03.2020;80447;2
15.03.2020;79067;-3
16.03.2020;83356;-3
17.03.2020;77812;0
18.03.2020;75835;-1
19.03.2020;75780;3
20.03.2020;78644;4
21.03.2020;83233;1
22.03.2020;83052;-3
23.03.2020;79900;-3
24.03.2020;79158;-3
25.03.2020;75920;0
26.03.2020;71119;6
27.03.2020;68505;6
28.03.2020;66512;5
29.03.2020;69838;6
30.03.2020;71449;1
31.03.2020;69529;-3
01.04.2020;67330;-3
02.04.2020;66546;1
03.04.2020;67420;2
04.04.2020;66522;4
05.04.2020;67877;3
06.04.2020;66542;2
07.04.2020;61772;1
08.04.2020;61661;9
09.04.2020;62758;9
10.04.2020;64204;7
11.04.2020;64122;4
12.04.2020;63298;2
13.04.2020;64956;1
14.04.2020;65827;7
15.04.2020;65991;2
16.04.2020;65358;3
17.04.2020;65251;3
18.04.2020;64909;4
19.04.2020;64232;4
20.04.2020;67832;4
21.04.2020;67190;6
22.04.2020;67499;8
23.04.2020;68319;7
24.04.2020;69491;-4
25.04.2020;67646;4
26.04.2020;66271;3
27.04.2020;68460;4
28.04.2020;68554;4
29.04.2020;71767;4
30.04.2020;67170;3
01.05.2020;61111;3
02.05.2020;57373;5
03.05.2020;56826;10
04.05.2020;55853;12
05.05.2020;54671;11
06.05.2020;53813;11
07.05.2020;54086;13
08.05.2020;50625;10
09.05.2020;49072;10
10.05.2020;48450;12
11.05.2020;51034;10
12.05.2020;53771;15
13.05.2020;54130;5
14.05.2020;54580;7
15.05.2020;54496;7
16.05.2020;54281;7
17.05.2020;54560;8
18.05.2020;56441;9
19.05.2020;56143;7
20.05.2020;59238;9
21.05.2020;63129;8
22.05.2020;60355;6
23.05.2020;57798;10
24.05.2020;54631;10
25.05.2020;47854;12
26.05.2020;40777;14
27.05.2020;40343;15
28.05.2020;41013;16
29.05.2020;39851;15
30.05.2020;38399;15
31.05.2020;38923;15
01.06.2020;39220;13
02.06.2020;39909;11
03.06.2020;39086;13
04.06.2020;40374;15
05.06.2020;38287;14
06.06.2020;38474;16
07.06.2020;38565;17
08.06.2020;41062;21
09.06.2020;43095;25
10.06.2020;44410;24
11.06.2020;44544;21
12.06.2020;38964;17
13.06.2020;36350;18
14.06.2020;37786;18
15.06.2020;40662;19
16.06.2020;41799;22
17.06.2020;41810;25
18.06.2020;41449;24
19.06.2020;38975;26
20.06.2020;36517;24
21.06.2020;38619;18
22.06.2020;39600;17
23.06.2020;36364;20
24.06.2020;37608;22
25.06.2020;42450;24
26.06.2020;38051;25
27.06.2020;34467;26
28.06.2020;36223;25
29.06.2020;41532;20
30.06.2020;40884;19
01.07.2020;41369;21
02.07.2020;42502;18
03.07.2020;40664;20
04.07.2020;37246;20
05.07.2020;38067;20
06.07.2020;39394;19
07.07.2020;41271;21
08.07.2020;40254;19
09.07.2020;38674;17
10.07.2020;36629;17
11.07.2020;37052;17
12.07.2020;38006;19
13.07.2020;39799;18
14.07.2020;38486;18
15.07.2020;39544;17
16.07.2020;37766;16
17.07.2020;37611;17
18.07.2020;35739;19
19.07.2020;40216;22
20.07.2020;44756;22
21.07.2020;45324;23
22.07.2020;46781;21
23.07.2020;47050;17
24.07.2020;45428;17
25.07.2020;44217;16
26.07.2020;44104;15
27.07.2020;43860;19
28.07.2020;43567;20
29.07.2020;41163;21
30.07.2020;42587;20
31.07.2020;43626;18
01.08.2020;41309;16
02.08.2020;41974;17
03.08.2020;41875;17
04.08.2020;41805;19
05.08.2020;44591;18
06.08.2020;44799;20
07.08.2020;45129;19
08.08.2020;43878;20
09.08.2020;44773;21
10.08.2020;45526;22
11.08.2020;46177;20
12.08.2020;46299;14
13.08.2020;47163;15
14.08.2020;44324;15
15.08.2020;42583;16
16.08.2020;45556;18
17.08.2020;47672;20
18.08.2020;47280;16
19.08.2020;48442;16
20.08.2020;48657;16
21.08.2020;46118;18
22.08.2020;43989;19
23.08.2020;44156;19
24.08.2020;43237;18
25.08.2020;42429;19
26.08.2020;43310;17
27.08.2020;47122;17
28.08.2020;46925;13
29.08.2020;48816;14
30.08.2020;50883;16
31.08.2020;54620;15
01.09.2020;54539;15
02.09.2020;53987;15
03.09.2020;50672;13
04.09.2020;50649;17
05.09.2020;51406;18
06.09.2020;51622;17
07.09.2020;50504;16
08.09.2020;52443;15
09.09.2020;50447;13
10.09.2020;52654;14
11.09.2020;51735;14
12.09.2020;51428;13
13.09.2020;50533;12
14.09.2020;51747;14
15.09.2020;53895;14
16.09.2020;51646;12
17.09.2020;55492;10
18.09.2020;56261;11
19.09.2020;57417;9
20.09.2020;57935;10
21.09.2020;55733;9
22.09.2020;56067;13
23.09.2020;54800;14
24.09.2020;53453;14
25.09.2020;51972;17
26.09.2020;49198;16
27.09.2020;44802;16
28.09.2020;47729;15
29.09.2020;46954;12
30.09.2020;46682;11
01.10.2020;49845;13
02.10.2020;49620;12
03.10.2020;47788;12
04.10.2020;49291;12
05.10.2020;52889;12
06.10.2020;56060;14
07.10.2020;54935;13
08.10.2020;55063;13
09.10.2020;52548;12
10.10.2020;52447;13
11.10.2020;53291;12
12.10.2020;54793;9
13.10.2020;58879;11
14.10.2020;59936;8
15.10.2020;66122;6
16.10.2020;68369;6
17.10.2020;68349;3
18.10.2020;68682;3
19.10.2020;69940;2
20.10.2020;72596;2
21.10.2020;72708;2
22.10.2020;68993;0
23.10.2020;68031;4
24.10.2020;68999;9
25.10.2020;66987;2
26.10.2020;65594;3
27.10.2020;62758;5
28.10.2020;63200;9
29.10.2020;60608;9
30.10.2020;62098;7
31.10.2020;65437;9
01.11.2020;66848;6
02.11.2020;66793;1
03.11.2020;63840;1
04.11.2020;64266;6
05.11.2020;65138;8
06.11.2020;64515;6
07.11.2020;63451;6
08.11.2020;69291;8
09.11.2020;71663;5
10.11.2020;73251;1
11.11.2020;72091;1
12.11.2020;70514;-2
13.11.2020;72959;2
14.11.2020;73631;2
15.11.2020;74476;1
16.11.2020;74988;0
17.11.2020;75199;0
18.11.2020;71735;1
19.11.2020;70605;2
20.11.2020;75387;7
21.11.2020;75643;2
22.11.2020;75310;0
23.11.2020;74121;1
24.11.2020;73638;3
25.11.2020;73388;2
26.11.2020;69998;-1
27.11.2020;74706;1
28.11.2020;80844;1
29.11.2020;77720;1
30.11.2020;77285;-1
01.12.2020;80675;0
02.12.2020;80107;0
03.12.2020;79772;0
04.12.2020;79858;-2
05.12.2020;78767;-2
06.12.2020;80822;0
07.12.2020;83581;1
08.12.2020;86270;-3
09.12.2020;87855;-7
10.12.2020;91992;-6
11.12.2020;88703;-8
12.12.2020;89346;-8
13.12.2020;87396;-3
14.12.2020;87039;-8
15.12.2020;83727;-4
16.12.2020;82609;-3
17.12.2020;81273;-1
18.12.2020;82482;0
19.12.2020;82808;-3
20.12.2020;81149;-1
21.12.2020;81902;2
22.12.2020;80984;0
23.12.2020;81859;0
24.12.2020;80078;-1
25.12.2020;84676;-1
26.12.2020;87027;-2
27.12.2020;86381;-5
28.12.2020;87427;-9
29.12.2020;87800;-6
30.12.2020;82136;-4
31.12.2020;76990;-2
